word,sentence,context,Vision.M,Vision.SD,Hearing.M,Hearing.SD,Olfaction.M,Olfaction.SD,Interoception.M,Interoception.SD,Taste.M,Taste.SD,Touch.M,Touch.SD,count_perceptual
act,It was a comedic act.,M2_b,3.461538462,1.71344607,3.769230769,1.3634421,0.307692308,0.480384461,1.384615385,1.609268029,0.230769231,0.43852901,0.384615385,0.650443636,13
act,It was a desperate act.,M1_a,2.785714286,1.625686668,1.214285714,1.42389344,0.357142857,0.841897386,1.571428571,1.869359648,0.285714286,1.069044968,0.571428571,1.222499691,14
act,It was a humane act.,M1_b,2.363636364,1.911686547,1.454545455,1.439696938,0.272727273,0.646669791,1.454545455,1.809068067,0,0,1.272727273,1.848832555,11
act,It was a magic act.,M2_a,4.272727273,1.009049958,2.454545455,1.916436086,0.363636364,0.674199862,1.818181818,1.721521526,0.363636364,0.674199862,0.636363636,1.286291357,11
appeal,He had a legal appeal.,M2_a,1.533333333,1.505545305,1.8,1.473576795,0.266666667,0.798808637,0.6,0.828078671,0.133333333,0.351865775,0.666666667,1.2344268,15
appeal,He had a pending appeal.,M2_b,2.083333333,1.676486224,2.083333333,1.505042031,0.5,1.243163121,1.5,1.243163121,0.5,1,0.833333333,1.337115847,12
appeal,He had a universal appeal.,M1_a,2.3125,1.922455028,1.3125,1.493039406,0.75,1.238278375,1.5625,1.824600413,0.1875,0.543905629,0.75,1.290994449,16
appeal,He had an undefinable appeal.,M1_b,2.833333333,1.642245322,1.916666667,1.781640375,1.583333333,1.56427929,1.833333333,1.749458791,0.916666667,1.443375673,1.75,1.864744682,12
atmosphere,It was a gaseous atmosphere.,M2_a,2.058823529,2.014652211,0.647058824,1.271867548,1.941176471,2.075770587,1.058823529,1.477776549,0.470588235,1.067570083,0.705882353,0.985184366,17
atmosphere,It was a hostile atmosphere.,M1_b,3.058823529,1.919328927,2.117647059,1.833110503,1.117647059,1.576481563,1.882352941,2.057983022,0.235294118,0.9701425,0.705882353,1.311711948,17
atmosphere,It was a polluted atmosphere.,M2_b,3.307692308,1.315587029,1,1.414213562,2.461538462,1.613246448,2.153846154,1.772293892,0.461538462,0.967417922,0.923076923,1.11516355,13
atmosphere,It was a tense atmosphere.,M1_a,2.5,1.977142106,1.75,1.815338686,0.75,1.215431087,3.333333333,1.825741858,0.25,0.621581561,0.916666667,1.621353718,12
bail,He bailed out the defendant.,M1_b,2.4,1.349897115,2.1,1.595131482,0.4,0.966091783,1.2,1.619327707,0.2,0.632455532,0.3,0.674948558,10
bail,He bailed out the liquid.,M2_b,2.636363636,1.813847648,1.727272727,1.723280874,0.318181818,0.646334989,0.545454545,1.14339814,0.090909091,0.294244943,1.181818182,1.531770331,22
bail,He bailed out the prisoner.,M1_a,3.4,1.502379066,2.066666667,1.79151439,0.066666667,0.25819889,1,1.463850109,0,0,0.933333333,1.667618776,15
bail,He bailed out the water.,M2_a,2.545454545,1.694912173,1.363636364,1.566698904,0.090909091,0.301511345,0.727272727,1.420627262,0.454545455,1.507556723,1.181818182,1.250454463,11
band,It was a country band.,M2_b,3.615384615,1.192927878,4.230769231,1.012739367,0.615384615,0.960768923,1.692307692,1.493575988,0.076923077,0.277350098,0.692307692,0.854850414,13
band,It was a gold band.,M1_a,3.266666667,1.79151439,1.533333333,2.263583337,0.066666667,0.25819889,0.733333333,1.579632266,0.133333333,0.516397779,1.866666667,1.767430203,15
band,It was a jazz band.,M2_a,3.8125,1.515200757,4.6875,0.793200269,0.4375,0.62915287,2.125,1.707825128,0.3125,0.704154339,1.25,1.653279569,16
band,It was a rubber band.,M1_b,3.266666667,1.79151439,2.466666667,1.884776101,1.533333333,1.505545305,1.133333333,1.505545305,0.733333333,1.222799287,3.533333333,1.684664726,15
bank,He banked the cash.,M2_b,2.3,2.057506582,0.4,0.699205899,0.3,0.674948558,0.4,0.843274043,0,0,1.9,1.663329993,10
bank,He banked the helicopter.,M1_b,2.6875,2.05649378,1.8125,1.869714773,0.0625,0.25,1.5625,1.504160896,0,0,0.875,1.408308678,16
bank,He banked the money.,M2_a,1.769230769,1.921537846,0.538461538,1.050030525,0.461538462,0.967417922,1,1.527525232,0,0,0.846153846,1.463224399,13
bank,He banked the plane.,M1_a,1.823529412,1.810914621,1.588235294,1.460257834,0.294117647,0.985184366,0.941176471,1.248528546,0.235294118,0.9701425,0.882352941,1.363925994,17
barrier,There was a concrete barrier.,M1_b,3.636363636,1.689540013,0.363636364,0.809039835,0,0,0.454545455,1.035725481,0,0,2.909090909,1.578261414,11
barrier,There was a language barrier.,M2_a,1.764705882,1.92124347,2.352941176,1.93459222,0,0,2.294117647,1.961017143,0.058823529,0.242535625,0.941176471,1.712840778,17
barrier,There was a police barrier.,M1_a,3.846153846,1.405118847,1.307692308,1.250640861,0.384615385,0.960768923,1.461538462,1.853617392,0,0,1.846153846,2.075498087,13
barrier,There was a religious barrier.,M2_b,2.642857143,1.905746083,1.285714286,1.857565463,0.071428571,0.267261242,1.928571429,2.017778127,0.071428571,0.267261242,1.142857143,1.747840111,14
bat,He saw a baseball bat.,M2_b,4,1.247219129,1.7,1.418136492,0.1,0.316227766,0.9,1.197219,0.1,0.316227766,2,1.414213562,10
bat,He saw a fruit bat.,M1_b,4.090909091,1.300349603,2.545454545,2.067057637,0.818181818,1.07871978,1,1.341640786,0.454545455,0.934198733,2.181818182,1.940009372,11
bat,He saw a furry bat.,M1_a,3.928571429,1.591529778,2.714285714,1.637473261,1.285714286,1.266647388,1.071428571,1.491735474,0.214285714,0.578934224,2.5,1.951330907,14
bat,He saw a wooden bat.,M2_a,3.952380952,1.324301582,1.666666667,1.816813972,0.452380952,0.861150137,0.761904762,1.185471478,0.19047619,0.671296352,2.619047619,1.752383477,42
beam,He saw the balance beam.,M2_b,3.2,2.043961296,0.3,0.948683298,0.6,1.349897115,1.1,1.663329993,0,0,1.8,2.347575582,10
beam,He saw the bright beam.,M1_b,3.583333333,1.56427929,0.75,1.215431087,0,0,1.333333333,1.302677895,0,0,0.75,0.965307299,12
beam,He saw the laser beam.,M1_a,4.243243243,1.038305388,1.081081081,1.570180074,0.108108108,0.515524748,0.837837838,1.364500591,0.162162162,0.687730305,0.783783784,1.37709709,37
beam,He saw the wood beam.,M2_a,3.083333333,1.443375673,1.583333333,1.378954369,1.166666667,1.337115847,1.083333333,1.505042031,0.583333333,0.99620492,2.166666667,1.527525232,12
block,She had a mental block.,M2_a,0.681818182,1.360108191,0.25,0.781322671,0.045454545,0.210707055,2.659090909,1.904012676,0.045454545,0.210707055,0.681818182,1.342900839,44
block,She had a toy block.,M1_a,2.818181818,1.53741223,1,1.732050808,0.545454545,1.035725481,0.454545455,0.820199532,0.272727273,0.904534034,1.818181818,1.60113596,11
block,She had a wooden block.,M1_b,3.9,1.370320319,1.2,1.988857852,1.5,1.779513042,0.6,1.349897115,0.1,0.316227766,3.3,1.888562063,10
block,She had a writer's block.,M2_b,2,2.041241452,0.846153846,1.344504484,0.230769231,0.832050294,2,1.914854216,0.230769231,0.832050294,1,1.414213562,13
blood,He has coagulated blood.,M1_a,3.681818182,1.286796082,0.409090909,0.959121171,1.590909091,1.563241166,2.363636364,1.7874018,0.818181818,1.296014537,1.727272727,1.579084068,22
blood,He has noble blood.,M2_a,2.3125,1.851800925,0.5625,1.093541647,1.875,1.784189825,1.6875,1.851800925,1.375,1.454876856,2.0625,1.842778699,16
blood,He has royal blood.,M2_b,2.857142857,1.915810447,0.642857143,1.446860945,1.642857143,1.691933025,2.214285714,1.888368096,0.928571429,1.591529778,1.5,1.698415551,14
blood,He has thin blood.,M1_b,3.307692308,1.84321347,0.692307692,1.315587029,2.461538462,2.10615703,2.153846154,1.772293892,2.076923077,2.431101892,2.076923077,1.754116039,13
board,It was the executive board.,M2_a,3.5,1.779513042,2.2,1.813529401,0.7,1.059349905,0.8,1.032795559,0.3,0.674948558,1.7,2.057506582,10
board,It was the ironing board.,M1_a,3.090909091,2.165850662,1.636363636,1.963299634,0.909090909,1.445997611,0.727272727,1.420627262,0,0,3,1.949358869,11
board,It was the school board.,M2_b,2.857142857,1.955550006,2.142857143,1.703261255,0.071428571,0.267261242,0.928571429,1.328057327,0.071428571,0.267261242,0.785714286,1.251372872,14
board,It was the wooden board.,M1_b,3.452380952,1.468405157,1.023809524,1.405357263,0.80952381,1.173655853,0.357142857,0.69216622,0.285714286,0.741972134,3.19047619,1.365749955,42
book,He had a best-selling book.,M1_a,3.083333333,1.505042031,0.666666667,1.154700538,1.833333333,1.585922922,0.5,1,0.083333333,0.288675135,2.916666667,2.020725942,12
book,He had a heavy book.,M2_a,3.416666667,1.56427929,0.833333333,1.029857301,1,1.477097892,1.083333333,1.311372171,0.083333333,0.288675135,3.333333333,1.874873733,12
book,He had a leather-bound book.,M2_b,4.333333333,0.887625365,1.25,1.422226168,2.583333333,1.831955405,1,1.044465936,0.333333333,0.651338947,4,0.953462589,12
book,He had a popular book.,M1_b,4,1.28102523,1.425,1.692934033,1.75,1.891275516,1.35,1.672553705,0.1,0.496138938,2.825,1.7958285,40
break,He broke the dish.,M1_b,4.083333333,1.240112409,3.833333333,1.642245322,0.25,0.621581561,1.916666667,2.193309386,0.083333333,0.288675135,2.083333333,2.274696117,12
break,He broke the glass.,M1_a,3.785714286,1.4769288,3.071428571,2.164904891,0.071428571,0.267261242,1,1.300887271,0.071428571,0.267261242,2.857142857,1.915810447,14
break,He broke the law.,M2_a,1.9,1.91195072,1.7,1.766981104,0.4,0.966091783,0.8,1.032795559,0.3,0.674948558,0.6,1.264911064,10
break,He broke the promise.,M2_b,1.921052632,2.018583648,2.026315789,1.747381703,0.157894737,0.436590958,2.736842105,1.840743248,0.105263158,0.388307045,1.210526316,1.6465836,38
breakfast,They ate a family breakfast.,M2_a,3.5,1.743118337,2.071428571,2.055547306,4.428571429,0.755928946,2,2.112235418,4.571428571,0.851630627,2,1.921537846,14
breakfast,They ate a lonely breakfast.,M2_b,3.909090909,1.221027883,1.727272727,1.737291518,2.636363636,2.292279532,2.272727273,1.555050423,3.181818182,1.940009372,1.181818182,1.401298099,11
breakfast,They ate a nutritious breakfast.,M1_b,3.476190476,1.364516311,0.80952381,1.209092537,3.80952381,1.470341716,2,1.843908891,4.285714286,1.419255338,2,1.673320053,21
breakfast,They ate a pancake breakfast.,M1_a,4.285714286,0.913873533,1.714285714,1.815682598,4.285714286,0.913873533,2.428571429,1.869359648,4.785714286,0.425815314,2.785714286,1.528124614,14
call,They called the debt.,M2_b,1.2,1.567527626,3.2,1.521277659,0.133333333,0.516397779,0.933333333,1.162919151,0.133333333,0.516397779,0.266666667,0.59361684,15
call,They called the landlord.,M1_a,1.4,1.882247896,4.266666667,0.961150105,0.066666667,0.25819889,1.133333333,1.807392228,0.066666667,0.25819889,0.466666667,0.833809388,15
call,They called the loan.,M2_a,1.357142857,1.499083969,3.785714286,1.761929512,0.071428571,0.267261242,0.928571429,1.141138818,0,0,0.571428571,1.283881478,14
call,They called the police.,M1_b,3.352941176,1.578811914,4,1.274754878,0.117647059,0.332105582,2,1.870828693,0.117647059,0.332105582,1,1.457737974,17
cape,It was a flowing cape.,M1_b,3.928571429,1.328057327,1.857142857,1.460091823,0.214285714,0.578934224,1.214285714,1.672334684,0.285714286,1.069044968,2.5,1.506396618,14
cape,It was a red cape.,M1_a,3.25,1.912875038,1.333333333,1.497472618,0.083333333,0.288675135,0.166666667,0.389249472,0,0,2.333333333,1.723280874,12
cape,It was a rocky cape.,M2_a,3.428571429,1.650840612,1.5,1.698415551,0.571428571,0.937614462,1,1.109400392,0.214285714,0.425815314,2.142857143,1.875228924,14
cape,It was an island cape.,M2_b,2.5,2.028641076,1.071428571,1.384768001,0.857142857,1.350620533,0.571428571,1.157868447,0.428571429,1.089409559,1.071428571,1.384768001,14
case,It was a beer case.,M1_a,3.428571429,1.785164751,1.5,1.400549343,0.714285714,1.266647388,1,1.568929081,1.714285714,1.898524586,2.928571429,2.017778127,14
case,It was a criminal case.,M2_b,1.785714286,1.805060043,1.5,1.829249531,0.071428571,0.267261242,0.642857143,1.150728389,0,0,0.357142857,0.928782732,14
case,It was a display case.,M1_b,3.5,1.243163121,0.5,0.797724035,0.5,1,0.25,0.621581561,0.25,0.866025404,2.166666667,1.114640858,12
case,It was a divorce case.,M2_a,2.166666667,1.850470866,1.666666667,1.825741858,0.333333333,0.887625365,1.083333333,1.164500153,0,0,0.75,1.215431087,12
cast,She cast a glow.,M1_b,3.2,1.7651599,0.55,1.145931017,0.35,0.812727701,1.25,1.831737743,0.2,0.523148364,0.95,1.503504678,20
cast,She cast a shadow.,M1_a,3.235294118,1.714985851,0.764705882,1.562426469,0.117647059,0.332105582,1,1.5,0,0,1.117647059,1.576481563,17
cast,She cast a spear.,M2_a,2.785714286,2.118728626,1.214285714,1.625686668,0.071428571,0.267261242,1,1.358732441,0,0,1.428571429,1.554857684,14
cast,She cast a stone.,M2_b,3.157894737,1.167293065,1.789473684,1.182227059,0.210526316,0.535303379,0.526315789,0.841191024,0.105263158,0.458831468,1.789473684,1.781976037,19
cause,It was a main cause.,M2_a,1.333333333,1.622754859,0.714285714,1.189237451,0.380952381,0.864649668,1.333333333,1.460593487,0.380952381,0.804747816,0.428571429,0.9258201,21
cause,It was a political cause.,M1_b,1.818181818,1.887759615,1.454545455,1.863525496,0.181818182,0.603022689,1.454545455,1.507556723,0.090909091,0.301511345,0.454545455,1.035725481,11
cause,It was a primary cause.,M2_b,1.529411765,1.62471717,1.176470588,1.629236559,0.294117647,0.848874688,1.235294118,1.437420075,0.294117647,0.848874688,0.411764706,0.870260272,17
cause,It was a worthy cause.,M1_a,1.428571429,1.748468718,1.428571429,1.690308509,0.095238095,0.300792604,2.142857143,2.080521913,0.095238095,0.300792604,0.380952381,0.920662287,21
cell,It was a brain cell.,M1_b,2.181818182,1.918242341,0.681818182,1.170525468,0.409090909,0.959121171,0.863636364,1.457181054,0.272727273,0.88273483,0.590909091,0.908116361,22
cell,It was a jail cell.,M2_b,3.857142857,1.231455852,1.571428571,1.741541568,1.5,1.786703023,2.428571429,1.949922512,0.285714286,0.468807231,3.071428571,1.685425567,14
cell,It was a prison cell.,M2_a,3.588235294,1.502448981,1.352941176,1.765686002,1.117647059,1.536324874,1.058823529,1.248528546,0.058823529,0.242535625,1.647058824,1.966633433,17
cell,It was a skin cell.,M1_a,2.454545455,1.572490786,0.272727273,0.646669791,0.090909091,0.301511345,1,1.183215957,0.363636364,0.924416278,0.454545455,0.687551651,11
charm,She had a devilish charm.,M1_a,1.9375,1.691892432,1.125,1.454876856,0.25,0.774596669,1.3125,1.537042615,0.1875,0.75,0.25,0.774596669,16
charm,She had a gold charm.,M2_a,3.555555556,1.580105068,1.555555556,1.423426777,0.222222222,0.427792632,1.277777778,1.708303443,0.111111111,0.323380833,2.388888889,1.753614381,18
charm,She had a good-luck charm.,M2_b,2.8125,2.072639219,1.3125,1.579820665,0.0625,0.25,1.5625,1.824600413,0.375,0.885061203,1.625,1.454876856,16
charm,She had a natural charm.,M1_b,2.818181818,1.721521526,1.909090909,1.513574937,0.454545455,0.820199532,2.636363636,2.01359019,0.363636364,0.924416278,0.909090909,1.300349603,11
check,He checked the alibi.,M2_a,3.071428571,1.141138818,1.571428571,1.869359648,0.571428571,1.016349858,1.214285714,1.251372872,0.214285714,0.801783726,1,1.414213562,14
check,He checked the engine.,M1_a,4.083333333,1.164500153,2.5,1.834021909,1.5,2.067057637,0.25,0.621581561,0,0,2.416666667,1.781640375,12
check,He checked the facts.,M2_b,3.333333333,1.497472618,1.333333333,1.556997888,0,0,0.5,1,0,0,0,0,12
check,He checked the oven.,M1_b,3.405405405,1.403556187,1.297297297,1.506741607,1.945945946,1.74715556,1.027027027,1.499749729,0.837837838,1.301996619,1.810810811,1.729448175,37
chicken,They liked the clucking chicken.,M2_a,4.066666667,1.279880947,3.866666667,1.846489591,2.866666667,2.133630932,1.266666667,1.751190072,2.666666667,2.225394561,2.333333333,1.914854216,15
chicken,They liked the juicy chicken.,M1_a,3.090909091,1.300349603,1.545454545,1.809068067,2.727272727,1.954016842,1.454545455,1.634847783,4.090909091,0.943879807,2.363636364,1.747725795,11
chicken,They liked the pet chicken.,M2_b,3.763157895,1.125483933,2.684210526,1.612539765,1.947368421,1.902308248,0.526315789,1.032887375,1.578947368,1.981421534,2.473684211,1.656059179,38
chicken,They liked the roasted chicken.,M1_b,4,0.666666667,1,1.632993162,4.1,0.737864787,1.6,1.646545205,4.3,0.823272602,2.4,1.837873167,10
class,It was a boring class.,M2_a,3.684210526,1.376494403,3.210526316,1.988269694,0.842105263,1.462993806,2.789473684,1.781976037,0.210526316,0.713282504,0.842105263,1.384965218,19
class,It was a misbehaving class.,M1_b,3.952380952,1.4309504,3.19047619,1.691716513,0.857142857,1.108409414,1.095238095,1.410842369,0.19047619,0.872871561,0.666666667,1.238278375,21
class,It was a perceptive class.,M1_a,2.823529412,1.810914621,1.882352941,1.653872461,0.176470588,0.392952624,1.294117647,1.611082939,0,0,0.705882353,1.358524286,17
class,It was a stimulating class.,M2_b,4.2,1.229272594,3.9,1.370320319,1.1,1.663329993,2.4,1.712697677,0.2,0.421637021,1.4,1.429840706,10
clear,He cleared the desk.,M1_a,3,1.858640755,1.083333333,1.164500153,0.25,0.621581561,0.25,0.452267017,0.083333333,0.288675135,2.166666667,1.850470866,12
clear,He cleared the path.,M2_a,3.7,1.159501809,2.3,1.766981104,0.9,1.100504935,1.8,1.619327707,0.7,0.823272602,2.5,1.715938357,10
clear,He cleared the road.,M2_b,3.636363636,1.361816968,1.454545455,1.967924611,0.181818182,0.404519917,0.454545455,0.687551651,0.090909091,0.301511345,0.181818182,0.404519917,11
clear,He cleared the shelf.,M1_b,2.85,1.762137397,1.05,1.568111718,0.2,0.648469599,0.9,1.335894975,0.1,0.496138938,2.675,1.858969938,40
clip,It was a film clip.,M1_a,3.173913043,1.825381004,3.043478261,1.364426648,0.086956522,0.417028828,0.739130435,1.388831795,0.173913043,0.650326765,0.695652174,1.459600898,23
clip,It was a hair clip.,M2_a,3.25,1.483239697,0.9375,1.289379696,0.375,0.806225775,1,1.549193338,0.375,0.885061203,2.8125,1.276388133,16
clip,It was a metal clip.,M2_b,3,1.809068067,1.583333333,1.880924982,0.583333333,0.99620492,0.333333333,0.651338947,0.416666667,0.900336637,2.833333333,1.800673275,12
clip,It was a video clip.,M1_b,3.846153846,1.675616993,3.230769231,1.964427234,0.076923077,0.277350098,1.076923077,1.255755978,0,0,0.923076923,1.382120259,13
clog,The choreographer clogged.,M1_b,3.416666667,1.311372171,2.666666667,1.922750555,1,1.206045378,1.166666667,1.527525232,0.083333333,0.288675135,0.916666667,1.083624669,12
clog,The dancer clogged.,M1_a,3.5,1.566698904,3.25,1.712255291,0.666666667,1.61432977,0.666666667,1.07308674,0.166666667,0.577350269,1.166666667,1.850470866,12
clog,The pipe clogged.,M2_a,3.25,1.483239697,1.8125,1.721191448,1.625,1.857417562,0.8125,1.376892637,0.1875,0.543905629,1.25,1.390443574,16
clog,The sink clogged.,M2_b,3.666666667,1.578845662,2.666666667,1.464557113,1.916666667,1.791687732,1.125,1.483606065,0.208333333,0.588229966,1.625,1.636871353,24
cold,It was a chest cold.,M2_a,1.5,1.653872461,0.888888889,1.409584373,1.111111111,1.529663127,3.888888889,1.450715397,0.722222222,0.95828005,2,2.142016642,18
cold,It was a common cold.,M2_b,2.235294118,1.480262298,2.176470588,1.629236559,1.294117647,1.862951485,3.882352941,1.536324874,1.117647059,1.495090003,1.529411765,1.771921523,17
cold,It was a freezing cold.,M1_b,1.642857143,1.598419549,0.642857143,1.215739272,0.642857143,1.392681026,3.785714286,1.528124614,0.785714286,1.4769288,3.285714286,1.728875643,14
cold,It was an icy cold.,M1_a,2,2.088931871,0.75,1.422226168,0.833333333,1.337115847,2.916666667,2.020725942,0.916666667,1.56427929,4.166666667,1.193416283,12
column,It was a concrete column.,M2_a,2.933333333,1.667618776,1.133333333,1.552264091,0.466666667,0.915475416,0.866666667,1.457329587,0.733333333,1.486446706,2.2,1.85933936,15
column,It was a gossip column.,M1_a,2.6875,1.956825661,0.4375,0.81394103,0,0,0.5,0.816496581,0,0,0.5625,1.093541647,16
column,It was a marble column.,M2_b,3.909090909,1.578261414,0.363636364,0.674199862,0,0,0.545454545,0.934198733,0.090909091,0.301511345,3.090909091,1.814086296,11
column,It was a sports column.,M1_b,2.388888889,1.883016631,0.777777778,1.165966176,0.277777778,0.826442095,0.166666667,0.383482494,0,0,0.944444444,1.211329956,18
company,He liked the investment company.,M1_a,1.882352941,1.763602596,1.411764706,1.804813825,0.058823529,0.242535625,0.941176471,1.434860108,0.058823529,0.242535625,0.470588235,0.874474632,17
company,He liked the pharmaceutical company.,M1_b,1.846153846,1.863963244,1,1.779513042,0.384615385,0.869718493,0.153846154,0.375533808,0.153846154,0.375533808,0.153846154,0.375533808,13
company,He liked the pleasant company.,M2_a,2.5625,1.860779407,1.875,1.892969449,0.25,0.577350269,1.8125,1.869714773,0.0625,0.25,0.4375,1.093541647,16
company,He liked the polite company.,M2_b,3.1,1.774082417,2.85,1.843195166,0.45,0.604805319,1.3,1.894590638,0.15,0.670820393,1.1,1.483239697,20
cone,It was a sugar cone.,M1_b,3.641025641,1.347261931,1.025641026,1.423250163,2.512820513,1.861971152,1.333333333,1.544656891,3.538461538,1.7144303,2.923076923,1.364678782,39
cone,It was a traffic cone.,M2_b,4.466666667,0.743223353,0.6,0.91025899,0.4,0.736788398,0.266666667,0.798808637,0.066666667,0.25819889,2.266666667,1.980860804,15
cone,It was a waffle cone.,M1_a,4.230769231,1.535895296,0.692307692,1.109400392,2.153846154,1.863963244,1.153846154,1.214231845,4.153846154,1.573009528,3.230769231,1.535895296,13
cone,It was an orange cone.,M2_a,4.363636364,1.286291357,0.454545455,0.934198733,0.727272727,1.103712743,0.454545455,0.687551651,0.727272727,1.348399725,2.454545455,1.507556723,11
contribution,He made a charitable contribution.,M1_a,2.384615385,2.063106943,1.615384615,1.938146087,0.076923077,0.277350098,0.769230769,1.165750556,0.076923077,0.277350098,0.538461538,0.776250026,13
contribution,He made a scholarly contribution.,M2_a,1.235294118,1.95350364,0.470588235,1.178857872,0.058823529,0.242535625,0.823529412,1.380004263,0.058823529,0.242535625,0.529411765,1.374665735,17
contribution,He made a voluntary contribution.,M1_b,2.25,1.843908891,1.1875,1.682012683,0.125,0.341565026,1.5,1.751190072,0.125,0.5,0.6875,1.01447852,16
contribution,He made a well-written contribution.,M2_b,2.5,2.022599587,1.25,0.965307299,0.083333333,0.288675135,1.333333333,1.302677895,0.166666667,0.389249472,0.333333333,0.887625365,12
count,That was the correct count.,M2_b,3.315789474,1.765491168,1.736842105,1.661395172,0,0,0.368421053,0.830697586,0,0,1.263157895,1.62761261,19
count,That was the final count.,M2_a,2.5,1.829249531,2.571428571,1.910065875,0.214285714,0.801783726,1.071428571,1.591529778,0,0,0.857142857,1.561909229,14
count,That was the noble count.,M1_a,2.055555556,1.433720878,1.555555556,1.464168996,0.166666667,0.707106781,0.555555556,0.855585264,0.111111111,0.471404521,0.777777778,1.308594017,18
count,That was the vengeful count.,M1_b,2.818181818,1.887759615,1.818181818,1.887759615,0.272727273,0.904534034,1.090909091,1.445997611,0.272727273,0.904534034,0.727272727,1.420627262,11
course,It was a charted course.,M2_a,2.9375,1.569235483,1.125,1.408308678,0.375,0.718795288,0.3125,0.602079729,0.125,0.341565026,0.75,1.125462868,16
course,It was a collision course.,M2_b,3,1.754116039,1.357142857,1.33630621,0.571428571,1.016349858,0.714285714,1.138728807,0.214285714,0.578934224,0.785714286,1.251372872,14
course,It was a pass-fail course.,M1_b,1.9,1.91195072,1.1,1.852925615,0,0,1.5,1.900292375,0.6,0.966091783,0.7,1.494434118,10
course,It was an introductory course.,M1_a,2.25,1.693123347,1.6875,1.621470526,0.3125,0.87321246,0.75,1.125462868,0.375,0.885061203,0.75,1.341640786,16
cross,He crossed a friend.,M2_b,2.083333333,1.975225342,1.583333333,1.621353718,0.333333333,0.887625365,2,1.809068067,0.25,0.866025404,0.583333333,0.99620492,12
cross,He crossed a road.,M1_a,3.731707317,1.204665726,1.365853659,1.47912301,0.292682927,0.715678085,0.87804878,1.307576421,0.097560976,0.490146817,1.12195122,1.399912889,41
cross,He crossed a room.,M1_b,3.214285714,1.928673176,0.928571429,1.328057327,0.071428571,0.267261242,0.785714286,1.188313053,0,0,0.285714286,0.825420306,14
cross,He crossed an enemy.,M2_a,1.909090909,1.814086296,0.909090909,1.445997611,0.272727273,0.904534034,0.909090909,1.136181804,0,0,0.545454545,1.035725481,11
date,It was a blind date.,M1_b,2.363636364,2.110579412,1.181818182,1.721521526,0.818181818,1.470930441,1.727272727,2.053821272,0.545454545,1.213559752,0.818181818,1.401298099,11
date,It was a dinner date.,M1_a,3.6,1.602629418,2.2,1.735086832,1.65,1.565247584,2.2,1.735086832,1.9,1.713721712,1.55,1.145931017,20
date,It was a historical date.,M2_b,1.8125,1.905037182,0.625,1.204159458,0.1875,0.543905629,0.9375,1.691892432,0.125,0.5,0.125,0.5,16
date,It was an expiration date.,M2_a,2.0625,1.948289848,0.875,1.258305739,1.375,1.857417562,1.625,1.360147051,1.0625,1.289379696,0.5625,1.263262971,16
degree,It was about associate degrees.,M2_a,2.272727273,1.555050423,1.272727273,1.489356176,0.545454545,1.293339581,1,1.183215957,0.454545455,1.035725481,0.818181818,1.250454463,11
degree,It was about college degrees.,M2_b,2.916666667,1.831955405,1.333333333,1.969463856,0,0,1.75,2.00567377,0,0,1.416666667,1.621353718,12
degree,It was about fifty degrees.,M1_b,1.409090909,1.593411761,0.863636364,1.355604049,0.5,0.963624112,2.818181818,1.708141949,0.318181818,0.779887882,2.545454545,1.945134901,22
degree,It was about forty degrees.,M1_a,1.888888889,2.083235292,0.888888889,1.231397527,0.833333333,1.465284554,3.277777778,1.903728711,0.555555556,0.983524408,2.666666667,1.970368732,18
design,They liked the architectural design.,M2_b,3.888888889,1.529663127,0.222222222,0.646761667,0.111111111,0.323380833,0.666666667,1.371988681,0,0,1.611111111,1.786843714,18
design,They liked the floral design.,M1_a,4.454545455,0.820199532,0.090909091,0.301511345,1.272727273,2.004540301,1.272727273,2.004540301,0.090909091,0.301511345,2.181818182,2.088931871,11
design,They liked the geometric design.,M1_b,4.083333333,1.781640375,0.333333333,0.778498944,0.083333333,0.288675135,0.75,1.356801051,0,0,1.416666667,1.505042031,12
design,They liked the product design.,M2_a,3.583333333,1.781640375,1.083333333,1.56427929,0.583333333,1.443375673,1.166666667,1.850470866,0.5,1.445997611,1.416666667,1.975225342,12
dinner,They liked the anniversary dinner.,M2_b,3.538461538,1.391365314,1.538461538,1.330124344,3.615384615,1.609268029,2.230769231,1.739436985,4,1.290994449,1.692307692,1.377474463,13
dinner,They liked the formal dinner.,M2_a,3.916666667,1.443375673,1.916666667,1.676486224,3.666666667,1.07308674,2.333333333,1.723280874,4.25,0.965307299,2.583333333,1.729862492,12
dinner,They liked the light dinner.,M1_b,3.384615385,1.502135232,1.384615385,1.120897077,3.615384615,1.804552647,2.076923077,1.552500052,4.307692308,1.182131929,2.692307692,1.436698495,13
dinner,They liked the turkey dinner.,M1_a,3.692307692,1.250640861,1.846153846,1.863963244,3.769230769,1.48064435,1.846153846,1.625123269,4.230769231,1.3634421,2.230769231,1.690850188,13
drain,They drained the account.,M1_a,2.5,1.712697677,1.875,1.586400538,0.5625,0.963932916,1.5625,1.896268265,0.5,0.966091783,0.8125,1.223042654,16
drain,They drained the budget.,M1_b,1.153846154,1.405118847,0.692307692,1.182131929,0.230769231,0.59914469,1.769230769,1.921537846,0.307692308,1.109400392,0.384615385,0.650443636,13
drain,They drained the pond.,M2_b,3.4375,1.459166429,2.375,1.857417562,0.8125,1.108677891,0.4375,1.030776406,0.1875,0.75,1.25,1.570562532,16
drain,They drained the pool.,M2_a,3.666666667,1.588650221,2.733333333,1.533747356,1.533333333,1.726543478,0.333333333,0.899735411,0.266666667,1.032795559,1.866666667,1.767430203,15
draw,He drew a gun.,M1_a,2.8,1.932183566,1.3,2.110818693,0.1,0.316227766,0.5,0.971825316,0.2,0.421637021,1.2,1.988857852,10
draw,He drew a sword.,M1_b,3.652173913,1.228772323,2.913043478,1.729767285,0.347826087,0.775106776,0.695652174,0.822124886,0.130434783,0.457696587,1.565217391,1.532261755,23
draw,He drew a tree.,M2_a,4.25,1.125462868,1.125,1.784189825,0.5,1.316561177,0.8125,1.515200757,0.125,0.341565026,2.0625,2.048373338,16
draw,They drew a picture.,M2_b,4,1.054092553,0.5,0.527046277,0.2,0.421637021,0.8,1.619327707,0.1,0.316227766,2.6,2.011080417,10
dream,He had a bad dream.,M1_b,3.125,2.061552813,2,1.966384161,0.375,0.806225775,3.3125,1.815443013,0.25,0.577350269,0.875,1.408308678,16
dream,He had a career dream.,M2_b,2.5,1.930614598,1.5,1.78376517,0.083333333,0.288675135,3.333333333,1.922750555,0.083333333,0.288675135,1.25,1.912875038,12
dream,He had a childhood dream.,M2_a,3.0625,1.87860764,1.625,1.821171784,0.3125,0.793200269,2.9375,1.611159003,0.0625,0.25,0.6875,1.352466882,16
dream,He had a recurring dream.,M1_a,2.1,2.078995484,1.8,1.813529401,0.4,0.843274043,2.9,1.663329993,0.3,0.674948558,1,1.490711985,10
drill,It was a battery-powered drill.,M2_b,4.1,1.286683938,4.5,0.849836586,0.2,0.421637021,1.5,1.354006401,0,0,2.4,1.837873167,10
drill,It was a challenging drill.,M1_b,2.142857143,1.621286967,2.523809524,1.833549771,0.476190476,1.030487633,1.619047619,1.359271514,0.380952381,0.973457265,1.476190476,1.600595127,21
drill,It was a grueling drill.,M1_a,2.75,2.022895267,2.5,2.039091645,0.45,0.944513241,2.2,2.041671142,0.15,0.670820393,1.75,1.915999121,20
drill,It was an electric drill.,M2_a,4.066666667,1.486446706,4.333333333,1.397276262,0.666666667,0.899735411,1.133333333,1.302013093,0.066666667,0.25819889,2.733333333,1.79151439,15
examination,It was a difficult examination.,M1_b,3.214285714,1.805060043,2.214285714,1.888368096,0.357142857,0.928782732,3.5,1.506396618,0.357142857,1.081817762,1.5,1.698415551,14
examination,It was a multiple-choice examination.,M1_a,4.230769231,0.926808696,1.615384615,1.804552647,0.307692308,0.854850414,2.769230769,1.48064435,0.230769231,0.832050294,1.307692308,1.548365557,13
examination,It was a physical examination.,M2_b,3.642857143,1.598419549,1.5,1.506396618,0.714285714,1.204387583,2.428571429,1.398586414,0.214285714,0.425815314,2.928571429,1.730463954,14
examination,It was a prostate examination.,M2_a,3.083333333,1.443375673,1.166666667,1.403458931,0.416666667,1.164500153,2.5,1.930614598,0.083333333,0.288675135,2,2.044949433,12
fan,They had a ceiling fan.,M1_b,3.764705882,1.393261092,3.235294118,1.251469724,0.411764706,0.618346942,1.352941176,1.656093916,0.352941176,1.221739358,2.470588235,1.462773353,17
fan,They had a zealous fan.,M2_a,2.25,1.949358869,1.875,1.586400538,0.4375,1.030776406,1.0625,1.52616076,0.4375,1.209338662,1,1.549193338,16
fan,They had an electric fan.,M1_a,3.666666667,1.874873733,3.583333333,1.56427929,0.166666667,0.577350269,1.333333333,1.497472618,0,0,2.583333333,1.928651594,12
fan,They had an enthusiastic fan.,M2_b,3.722222222,1.274434387,3.777777778,1.516790557,0.5,0.857492926,1.444444444,1.580105068,0.055555556,0.23570226,1.444444444,1.756407504,18
file,She had a data file.,M1_b,3.5,1.344504484,1.5,1.60527975,0.642857143,1.33630621,0.785714286,0.974961256,0.571428571,1.089409559,1.642857143,1.549547967,14
file,She had a nail file.,M2_a,3.153846154,1.772293892,1.769230769,1.921537846,0.538461538,1.391365314,1.076923077,1.656378503,0.076923077,0.277350098,3.384615385,2.063106943,13
file,She had a steel file.,M2_b,3,1.673320053,1.272727273,1.678744119,0.181818182,0.404519917,0.727272727,1.190874392,0.181818182,0.404519917,2,1.788854382,11
file,She had a text file.,M1_a,3.285714286,1.683794772,0.714285714,1.204387583,0.142857143,0.36313652,0.214285714,0.578934224,0,0,0.5,0.940539943,14
film,It was a censored film.,M1_b,3.761904762,1.578124263,3.047619048,1.774153051,0.238095238,0.768424486,1.333333333,1.653279569,0.19047619,0.511766316,0.428571429,0.978336781,21
film,It was a plastic film.,M2_b,3.454545455,1.863525496,1.636363636,1.689540013,0,0,0.545454545,1.213559752,0,0,2,1.949358869,11
film,It was a transparent film.,M2_a,4.235294118,1.393261092,1.529411765,1.662740474,0.529411765,0.943242218,0.882352941,1.536324874,0.235294118,0.562295715,1.882352941,1.833110503,17
film,It was an action film.,M1_a,4.307692308,0.854850414,3.384615385,1.556623565,0.230769231,0.59914469,1.153846154,1.519109051,0.230769231,0.59914469,0.307692308,0.751067616,13
fix,They fixed the date.,M2_a,1.428571429,1.599106894,0.571428571,1.247855303,0.142857143,0.478091444,1.047619048,1.321975434,0.095238095,0.300792604,1.285714286,1.707127914,21
fix,They fixed the dishwasher.,M1_b,2.9375,1.436140662,1.3125,1.621470526,0.125,0.5,0.5625,1.093541647,0,0,2,1.460593487,16
fix,They fixed the price.,M2_b,2.4,1.837873167,1.5,1.779513042,0.2,0.632455532,1.5,1.900292375,0.2,0.421637021,0.8,1.398411798,10
fix,They fixed the radio.,M1_a,3,1.414213562,2.076923077,1.754116039,0,0,0.769230769,1.23516842,0,0,1.692307692,1.702185624,13
foundation,It was a charitable foundation.,M1_a,3,1.8516402,1.6,1.956673562,0.466666667,0.990430402,1.733333333,1.907379154,0.133333333,0.516397779,0.6,1.298350602,15
foundation,It was a concrete foundation.,M2_b,3,1.699673171,0.263157895,0.805681579,0.526315789,1.172292202,0.157894737,0.501459857,0,0,2,2,19
foundation,It was a wooden foundation.,M2_a,3.25,1.602554779,1,1.477097892,0.416666667,0.792961461,0.75,1.055289706,0.083333333,0.288675135,1.5,1.834021909,12
foundation,It was an educational foundation.,M1_b,1.777777778,1.592465922,0.222222222,0.548318881,0.222222222,0.548318881,0.888888889,1.182663439,0.111111111,0.323380833,0.666666667,1.371988681,18
function,It was a business function.,M2_b,2.944444444,2.013840996,1.611111111,1.649915823,0.444444444,0.855585264,1.222222222,1.437135859,0.111111111,0.323380833,0.222222222,0.548318881,18
function,It was a linear function.,M1_b,3.263157895,1.880960312,0.315789474,0.945905303,0.052631579,0.229415734,1,1.56347192,0.105263158,0.458831468,0.105263158,0.315301768,19
function,It was a mathematical function.,M1_a,3.307692308,1.315587029,0.846153846,1.14354375,0.307692308,1.109400392,1.076923077,1.11516355,0,0,0.769230769,1.165750556,13
function,It was a social function.,M2_a,3.307692308,1.84321347,3.307692308,1.797434069,1.076923077,1.552500052,0.846153846,1.344504484,0.076923077,0.277350098,0.769230769,1.3634421,13
ground,He was on the camp ground.,M2_a,3.615384615,1.192927878,0.538461538,0.877058019,1.153846154,1.344504484,0.384615385,0.869718493,0.538461538,1.330124344,2.230769231,1.87766904,13
ground,He was on the firm ground.,M1_a,3.307692308,1.887883091,0.846153846,1.573009528,0.846153846,1.344504484,2.461538462,1.613246448,0.384615385,0.960768923,3.538461538,1.506396618,13
ground,He was on the frozen ground.,M1_b,3.9,0.994428926,1.2,1.032795559,1.6,1.429840706,1.3,1.33749351,0.6,1.0749677,3.6,0.966091783,10
ground,He was on the parade ground.,M2_b,3.769230769,1.091928428,1.923076923,1.656378503,0.461538462,0.776250026,0.615384615,1.043907845,0,0,2.076923077,2.100061049,13
guard,They liked the coast guard.,M2_a,3.176470588,1.467791458,1.470588235,1.23073388,0.411764706,0.870260272,1.058823529,1.599632311,0,0,1.058823529,1.477776549,17
guard,They liked the national guard.,M2_b,3.153846154,1.625123269,1.230769231,1.535895296,0,0,0.615384615,0.960768923,0,0,0.769230769,1.300887271,13
guard,They liked the night guard.,M1_a,3.272727273,1.61807967,1.181818182,1.07871978,0.363636364,0.674199862,1,1.61245155,0.090909091,0.301511345,0.909090909,1.578261414,11
guard,They liked the security guard.,M1_b,3.238095238,1.757975026,1.380952381,1.564486832,0.238095238,0.700340053,1.095238095,1.48002574,0.142857143,0.478091444,0.761904762,0.889087279,21
guide,He had a friendly guide.,M2_b,3.428571429,1.696797242,2.785714286,1.625686668,0.142857143,0.534522484,0.857142857,1.460091823,0,0,1,1.358732441,14
guide,He had a talkative guide.,M2_a,2.923076923,2.019139192,3.230769231,1.786703023,0.076923077,0.277350098,1.076923077,1.754116039,0,0,0.538461538,0.877058019,13
guide,He had a TV guide.,M1_b,3.181818182,1.887759615,1.909090909,1.814086296,0.636363636,0.924416278,0.727272727,1.009049958,0.363636364,0.924416278,2,1.483239697,11
guide,He had an assembly guide.,M1_a,3.205128205,1.592407763,1.384615385,1.664100589,0.205128205,0.522115493,0.435897436,1.020703364,0.102564103,0.383534243,0.923076923,1.421352495,39
hail,They hailed a cab.,M1_a,3.15,1.308876577,1.95,1.571958216,0.35,0.988086934,1.25,1.650358813,0.1,0.447213595,0.55,1.276302225,20
hail,They hailed a friend.,M2_a,3,1.53741223,2.916666667,1.56427929,0.583333333,1.240112409,1.5,1.930614598,0.333333333,0.651338947,1.333333333,1.556997888,12
hail,They hailed a guest.,M2_b,2.235294118,1.855040827,2,1.903943276,0.117647059,0.48507125,0.529411765,1.067570083,0.058823529,0.242535625,0.882352941,1.363925994,17
hail,They hailed a taxi.,M1_b,3.833333333,1.339446769,3.333333333,1.680336101,0.388888889,1.036900863,0.388888889,0.777544316,0,0,0.944444444,1.513555309,18
home,It was a childhood home.,M1_b,3.80952381,1.549792988,1.738095238,1.822080342,2.380952381,1.72432215,2.904761905,1.805270385,1.023809524,1.553722442,1.785714286,1.81505512,42
home,It was a funeral home.,M2_a,3.8,1.316561177,2,1.885618083,2.1,1.286683938,2.1,1.523883927,0.5,0.971825316,1.6,1.577621275,10
home,It was a nursing home.,M2_b,4.454545455,0.687551651,2.454545455,1.967924611,3.363636364,1.566698904,1.636363636,2.01359019,0.818181818,1.401298099,1.727272727,2.004540301,11
home,It was a summer home.,M1_a,3.923076923,1.656378503,2.384615385,1.938146087,2.230769231,1.921537846,2.307692308,1.887883091,0.769230769,1.535895296,2.153846154,1.818706218,13
intelligence,They had classified intelligence.,M2_a,2.5625,1.931105038,1.125,1.927865832,0.1875,0.75,1.875,2.156385865,0.1875,0.75,0.1875,0.75,16
intelligence,They had innate intelligence.,M1_b,2.25,2.261335084,2.166666667,2.124888589,0.416666667,1.443375673,2.25,2.220769727,0.333333333,1.154700538,0.75,1.602554779,12
intelligence,They had military intelligence.,M2_b,2.142857143,1.833749537,2.214285714,2.082105866,0.071428571,0.267261242,2.142857143,1.610405723,0,0,0.142857143,0.36313652,14
intelligence,They had natural intelligence.,M1_a,1.363636364,1.433368569,1.272727273,1.555050423,0.090909091,0.301511345,2.636363636,1.433368569,0.090909091,0.301511345,0.272727273,0.646669791,11
issue,It was a political issue.,M1_b,1.736842105,1.694504361,2.421052632,1.70996392,0.315789474,0.820069887,2.052631579,1.580213917,0.210526316,0.713282504,0.526315789,0.964274111,19
issue,It was a sensitive issue.,M1_a,2.294117647,1.649420576,2.411764706,1.872792819,0.588235294,1.121317502,3.235294118,1.251469724,0.529411765,0.943242218,1,1.541103501,17
issue,It was a special issue.,M2_b,2.153846154,2.034951017,1.615384615,1.850155919,0.230769231,0.832050294,2.076923077,2.019139192,0.153846154,0.554700196,0.615384615,1.120897077,13
issue,It was a weekly issue.,M2_a,2.363636364,1.963299634,1.363636364,1.80403588,0.363636364,0.674199862,1.272727273,1.678744119,0,0,1.181818182,1.328019715,11
jam,It was a blackberry jam.,M1_a,3.636363636,1.501514387,0.454545455,0.820199532,3.181818182,1.940009372,1.909090909,1.814086296,4.181818182,1.60113596,1.818181818,1.940009372,11
jam,It was a paper jam.,M2_b,2.692307692,1.377474463,1.769230769,1.83275049,0.692307692,1.109400392,1,1.527525232,0.769230769,1.690850188,1.615384615,1.502135232,13
jam,It was a peach jam.,M1_b,3.111111111,1.409716846,0.583333333,1.180193689,3.333333333,1.393864105,1.361111111,1.355470984,4.416666667,0.906326967,1.527777778,1.482972134,36
jam,It was a traffic jam.,M2_a,4.272727273,0.904534034,3.454545455,1.863525496,0.636363636,0.809039835,2.272727273,2.053821272,0.272727273,0.646669791,1,1.183215957,11
key,It was a backspace key.,M2_b,3.142857143,1.561909229,2,1.664100589,0.142857143,0.36313652,0.357142857,0.744946344,0.071428571,0.267261242,3.214285714,1.968153036,14
key,It was a delete key.,M2_a,2.928571429,1.730463954,1.857142857,1.791309914,0.214285714,0.578934224,0.714285714,0.994490316,0,0,3.142857143,1.65748386,14
key,It was a duplicate key.,M1_a,3.5,1.507556723,1.833333333,1.94624736,1.083333333,1.676486224,0.416666667,1.443375673,0.083333333,0.288675135,3.333333333,1.556997888,12
key,It was a master key.,M1_b,4.2,1.135292424,1.9,1.91195072,0.9,0.994428926,1,1.699673171,0.5,0.707106781,2.8,1.686548085,10
lamb,They liked the cute lamb.,M2_a,4.083333333,0.99620492,2.25,2.00567377,1.833333333,1.585922922,1,1.414213562,1.25,1.712255291,2.916666667,1.729862492,12
lamb,They liked the friendly lamb.,M2_b,3.666666667,1.290994449,2.266666667,1.830950833,1.266666667,1.533747356,0.466666667,0.915475416,1.333333333,1.914854216,2.133333333,2.133630932,15
lamb,They liked the grilled lamb.,M1_b,3,1.471960144,0.846153846,1.068188018,2.461538462,2.066211695,1.769230769,1.786703023,3.153846154,1.993579438,1.923076923,1.441153384,13
lamb,They liked the marinated lamb.,M1_a,2.636363636,1.629277587,1.090909091,1.758098146,3.818181818,1.07871978,0.727272727,1.103712743,3.727272727,1.272077756,1.818181818,1.834021909,11
lap,She lapped the competitors.,M2_b,3.285714286,1.815682598,1.642857143,1.549547967,0.142857143,0.534522484,0.928571429,1.206666464,0,0,0.285714286,0.726273039,14
lap,She lapped the milk.,M1_a,3.176470588,1.776066374,3.058823529,1.919328927,1.823529412,1.50977209,1.941176471,1.951620744,2.647058824,2.148871113,2.176470588,1.740520544,17
lap,She lapped the runners.,M2_a,3.176470588,1.944070926,1.294117647,1.829094922,0.411764706,1.003669737,1.058823529,1.477776549,0.176470588,0.52859414,1.176470588,1.42457424,17
lap,She lapped the water.,M1_b,3,1.961161351,2.785714286,2.006856379,0.285714286,1.069044968,1,1.664100589,1.571428571,2.101804562,2.071428571,1.940035119,14
load,She loaded the gun.,M1_a,3.3,1.33749351,3.3,1.567021236,0.3,0.674948558,1.8,1.932183566,0.4,0.843274043,2,1.56347192,10
load,She loaded the rifle.,M1_b,4,1.224744871,3.764705882,1.601928984,0.235294118,0.562295715,1.176470588,1.333945938,0,0,2.470588235,1.841115391,17
load,She loaded the truck.,M2_a,3.714285714,1.437335753,2.142857143,1.610405723,0.214285714,0.578934224,0.714285714,0.825420306,0,0,2.642857143,2.205138853,14
load,She loaded the van.,M2_b,3.705882353,1.72353945,2.294117647,1.571810496,0.588235294,0.939336437,1.176470588,1.50977209,0.352941176,1.221739358,2.294117647,1.611082939,17
lock,She had brown locks.,M1_b,3.631578947,1.498537299,0.736842105,1.147078669,0.631578947,1.065130473,0.315789474,0.749268649,0.052631579,0.229415734,2.421052632,1.742150315,19
lock,She had curly locks.,M1_a,3.75,1.483239697,0.625,1.310216267,1.1875,1.641899307,0.625,1.204159458,0.1875,0.403112887,2.6875,1.815443013,16
lock,She had door locks.,M2_b,3.909090909,1.640399065,3,1.788854382,0.090909091,0.301511345,0.272727273,0.467099366,0.090909091,0.301511345,2.909090909,1.921173884,11
lock,She had window locks.,M2_a,3.090909091,1.640399065,1.454545455,1.213559752,0,0,0.545454545,1.293339581,0,0,1.454545455,1.752919642,11
lunch,They liked the afternoon lunch.,M2_a,3.307692308,1.601281538,1.153846154,1.463224399,3.153846154,1.675616993,1.923076923,2.100061049,3.615384615,1.850155919,2,1.58113883,13
lunch,They liked the hot lunch.,M1_a,3.2,1.609184167,0.95,1.234376041,2.85,2.007223796,2,1.806421295,3.85,1.725200217,2.05,1.877147893,20
lunch,They liked the sandwich lunch.,M1_b,3.375,1.024695077,0.875,1.310216267,3.1875,1.869714773,1.75,1.653279569,4.1875,1.376892637,1.875,1.586400538,16
lunch,They liked the women's lunch.,M2_b,3.217391304,1.506245234,1.52173913,1.780438282,2.956521739,1.744556752,1.47826087,1.503618823,3.869565217,1.486434044,1.913043478,1.831865504,23
market,He liked the fish market.,M1_b,3.769230769,1.640825308,2.769230769,1.535895296,3.230769231,1.23516842,1.230769231,1.3634421,1.153846154,1.068188018,1.692307692,1.250640861,13
market,He liked the flea market.,M1_a,4.023809524,1.334131585,2.80952381,1.670958469,1.904761905,1.679278646,0.738095238,1.083344501,1.166666667,1.544726145,1.404761905,1.432370095,42
market,He liked the housing market.,M2_a,2.083333333,1.975225342,1.583333333,1.928651594,1.083333333,1.729862492,1.416666667,1.928651594,1.083333333,1.831955405,1,1.348399725,12
market,He liked the stock market.,M2_b,2.1,2.183269719,0.8,1.316561177,0.4,0.966091783,1,1.56347192,0,0,0.7,1.636391694,10
match,It was a burning match.,M1_b,3.823529412,1.629236559,2.588235294,1.66052791,2.647058824,1.729926894,1.529411765,1.462773353,0.235294118,0.562295715,2.058823529,1.560071642,17
match,It was a lit match.,M1_a,4.25,1.544785952,2.75,1.95982374,3.416666667,1.56427929,1.083333333,1.505042031,0.416666667,0.792961461,2.666666667,1.61432977,12
match,It was a soccer match.,M2_a,4.166666667,1.114640858,3,1.858640755,0.916666667,1.311372171,1.333333333,1.775250729,0.166666667,0.577350269,1.666666667,1.874873733,12
match,It was a tennis match.,M2_b,3.631578947,1.832136771,2.263157895,2.077447827,0.263157895,0.733492806,1.157894737,1.25888654,0.052631579,0.229415734,0.894736842,1.328940131,19
medicine,It was cough medicine.,M1_a,3.4,1.298350602,0.733333333,1.099783528,3.066666667,1.579632266,2.666666667,1.718249386,4.333333333,1.345185418,1.266666667,1.162919151,15
medicine,It was orthopedic medicine.,M2_a,2.428571429,1.785164751,1,1.568929081,1.357142857,1.33630621,1.857142857,1.703261255,2.785714286,1.888368096,1.714285714,1.589802669,14
medicine,It was prescription medicine.,M1_b,3.666666667,1.460593487,1.142857143,1.492840055,2.476190476,1.600595127,2.619047619,1.96153487,3.80952381,1.400680107,2.142857143,1.904880949,21
medicine,It was veterinary medicine.,M2_b,3.461538462,1.391365314,1,1.224744871,2.307692308,1.750457816,2.615384615,2.063106943,2.923076923,1.60527975,2.461538462,1.450022104,13
message,There was a clear message.,M2_b,3.153846154,1.625123269,3.153846154,2.034951017,0.307692308,0.630425172,1.461538462,1.506396618,0.230769231,0.43852901,1.076923077,1.255755978,13
message,There was a computer message.,M1_b,4.076923077,1.552500052,2.615384615,1.609268029,0.230769231,0.43852901,1.076923077,1.552500052,0.076923077,0.277350098,0.692307692,1.436698495,13
message,There was a phone message.,M1_a,2.727272727,2.37027041,3.909090909,1.814086296,0.090909091,0.301511345,0.818181818,1.167748416,0.090909091,0.301511345,0.636363636,1.501514387,11
message,There was an urgent message.,M2_a,2.435897436,1.957372995,2.487179487,1.833486682,0.102564103,0.383534243,1.794871795,1.852160718,0.102564103,0.383534243,0.333333333,0.86855395,39
mold,It was a clay mold.,M2_b,3.85,1.268027893,1.05,1.431782106,2.35,1.78517285,1.3,1.625455402,1.05,1.468081455,3.75,1.29269201,20
mold,It was a fungal mold.,M1_a,3.75,1.864744682,0.333333333,1.154700538,2.583333333,1.443375673,0.833333333,1.193416283,0.833333333,1.585922922,1.166666667,1.585922922,12
mold,It was a harmful mold.,M1_b,4,1.264911064,0.3125,0.87321246,3.5625,1.75,2.6875,1.922455028,1.375,1.857417562,3.0625,1.730847577,16
mold,It was a rubber mold.,M2_a,3.076923077,1.934835844,0.615384615,0.960768923,1.692307692,1.377474463,0.846153846,1.573009528,0.384615385,0.650443636,2.384615385,1.709700829,13
mole,She saw the cancerous mole.,M1_a,3.909090909,1.221027883,0.727272727,1.009049958,0.090909091,0.301511345,1.727272727,2.240129866,0,0,2.363636364,2.062654953,11
mole,She saw the cute mole.,M2_a,3.928571429,0.997248963,0.642857143,1.215739272,0.428571429,0.646206173,1.071428571,1.542439911,0.071428571,0.267261242,1.571428571,1.452546078,14
mole,She saw the fast mole.,M2_b,3.944444444,1.258954852,1.666666667,1.571810496,0.333333333,0.766964989,0.388888889,0.849836586,0.166666667,0.383482494,0.5,0.857492926,18
mole,She saw the raised mole.,M1_b,3.866666667,1.505545305,1,1.927248223,0.2,0.560611911,0.866666667,1.245945806,0,0,2.733333333,1.709915063,15
movement,He liked the civil-rights movement.,M2_b,3,1.837117307,2.058823529,1.886484437,0.235294118,0.752446989,1.941176471,1.712840778,0.235294118,0.752446989,0.941176471,1.560071642,17
movement,He liked the feminist movement.,M2_a,3.1875,1.600781059,2.4375,1.787689384,0.1875,0.543905629,2.125,1.668332501,0.0625,0.25,0.625,1.310216267,16
movement,He liked the graceful movement.,M1_b,4,1.511857892,1.266666667,1.486446706,0.266666667,0.59361684,2.466666667,1.726543478,0.2,0.560611911,1.2,1.521277659,15
movement,He liked the rhythmic movement.,M1_a,2.875,1.927865832,1.3125,1.493039406,0.25,0.774596669,2.625,1.707825128,0.0625,0.25,1.375,1.668332501,16
newspaper,It was a daily newspaper.,M1_b,4.4375,0.81394103,1.8125,1.869714773,1.625,2.028957039,1,1.861898673,0.125,0.5,3.875,1.454876856,16
newspaper,It was a faded newspaper.,M2_a,3.733333333,1.486446706,1.6,1.4040757,1.533333333,1.457329587,0.6,1.298350602,0.4,1.121223821,3.066666667,1.387014608,15
newspaper,It was a national newspaper.,M1_a,4.7,0.674948558,1.5,2.013840996,1.3,1.251665557,0.4,0.699205899,0,0,3.2,1.932183566,10
newspaper,It was a shredded newspaper.,M2_b,4.133333333,0.990430402,1.733333333,1.486446706,1.333333333,1.290994449,0.2,0.774596669,0.2,0.560611911,2.066666667,1.751190072,15
orange,It was a bright orange.,M2_a,4.565217391,0.806974429,0.369565217,0.798851833,1.695652174,1.762190117,0.913043478,1.427135234,1.826086957,1.924166172,1.347826087,1.689410039,46
orange,It was a juicy orange.,M1_a,3.692307692,1.377474463,0.615384615,0.960768923,3.615384615,1.445594545,0.615384615,0.960768923,4.461538462,1.391365314,2.615384615,2.063106943,13
orange,It was a reddish orange.,M2_b,4.545454545,0.687551651,0.454545455,1.035725481,1.909090909,1.921173884,1.363636364,2.062654953,2.272727273,2.053821272,1.636363636,1.911686547,11
orange,It was a ripe orange.,M1_b,4.1,0.994428926,0.3,0.674948558,3.2,2.201009869,1.2,1.686548085,3.9,1.370320319,2.3,2.110818693,10
page,He saw the blank page.,M2_a,3.5,1.678744119,0.25,0.866025404,0.25,0.621581561,0.083333333,0.288675135,0.166666667,0.577350269,1.416666667,1.831955405,12
page,He saw the loyal page.,M1_b,3.692307692,1.601281538,1.692307692,1.702185624,0.692307692,0.947330933,0.384615385,0.960768923,0.153846154,0.375533808,2.153846154,1.951330907,13
page,He saw the ripped page.,M2_b,4.071428571,1.384768001,2.785714286,1.672334684,1.285714286,1.637473261,1.357142857,1.645840578,0.214285714,0.578934224,3.142857143,1.65748386,14
page,He saw the young page.,M1_a,2.272727273,2.195035721,0.545454545,0.820199532,0.636363636,0.924416278,0.636363636,1.026910636,0.090909091,0.301511345,0.818181818,1.167748416,11
palm,It was a calloused palm.,M1_a,3.888888889,1.450715397,0.944444444,1.304842664,0.277777778,0.57451315,1.888888889,1.711170528,0.277777778,0.57451315,4.222222222,1.395604678,18
palm,It was a tree palm.,M2_b,3.933333333,1.032795559,0.933333333,0.961150105,1,1.647508942,1.2,1.656157342,0.333333333,1.290994449,2.933333333,1.624221425,15
palm,It was a tropical palm.,M2_a,3.608695652,1.644249772,1.086956522,1.311246578,0.826086957,1.07247267,0.739130435,1.388831795,0.043478261,0.208514414,1.782608696,1.832944024,23
palm,It was a wrinkled palm.,M1_b,3.538461538,1.265924209,0.384615385,1.120897077,0.230769231,0.832050294,1.769230769,1.48064435,0,0,3.846153846,1.405118847,13
panel,It was a consumer panel.,M2_b,3.666666667,1.370688834,2.333333333,1.66969422,0.416666667,0.99620492,0.416666667,0.900336637,0.25,0.866025404,0.916666667,1.240112409,12
panel,It was a control panel.,M1_a,3.416666667,1.831955405,2.5,1.930614598,0.333333333,0.778498944,0.416666667,0.792961461,0.083333333,0.288675135,2.416666667,1.880924982,12
panel,It was an advisory panel.,M2_a,2.8,1.908430052,2.15,1.78517285,0.25,0.910465468,0.55,0.887041208,0,0,0.4,0.994722918,20
panel,It was an instrument panel.,M1_b,2.25,2.094364733,1.5,1.834021909,0.083333333,0.288675135,0.583333333,1.378954369,0,0,0.583333333,0.99620492,12
passage,It was a biblical passage.,M2_b,3.375,1.5,2.1875,1.759498034,0.375,0.885061203,0.5625,0.81394103,0,0,0.875,1.024695077,16
passage,It was a literary passage.,M2_a,3.857142857,1.027105182,1.785714286,1.528124614,0.357142857,0.841897386,0.642857143,1.446860945,0,0,0.857142857,1.610405723,14
passage,It was a narrow passage.,M1_b,3.6,1.242118007,0.666666667,1.175139303,0.4,1.055597326,0.6,1.121223821,0.266666667,0.798808637,2,2.104417123,15
passage,It was a secret passage.,M1_a,3.285714286,1.489892687,1.428571429,1.283881478,1.071428571,1.071611706,1.142857143,1.167320591,0.285714286,1.069044968,1.571428571,1.696797242,14
pen,She penned her animals.,M1_a,2.636363636,1.629277587,1.181818182,1.328019715,1,1.549193338,0.818181818,1.53741223,0,0,1.454545455,1.752919642,11
pen,She penned her livestock.,M1_b,3.071428571,1.685425567,1.857142857,1.460091823,1.5,1.556623565,0.642857143,1.150728389,0.357142857,1.33630621,1.357142857,1.691933025,14
pen,She penned her memoirs.,M2_a,3.333333333,2.188122206,1.416666667,1.729862492,0.416666667,0.792961461,0.5,1.243163121,0.25,0.621581561,1.166666667,1.527525232,12
pen,She penned her thoughts.,M2_b,1.615384615,1.615962881,1,1.147078669,0.333333333,0.955133866,0.974358974,1.495382005,0.153846154,0.539905525,1.307692308,1.624708009,39
perch,It was a freshwater perch.,M1_b,2.833333333,2.289634085,0.583333333,1.505042031,1.916666667,1.729862492,0.416666667,0.99620492,1.25,1.95982374,0.833333333,1.585922922,12
perch,It was a lofty perch.,M2_a,3.25,1.864744682,0.833333333,1.403458931,0.583333333,0.99620492,0.5,1,0.75,1.422226168,1.5,1.623688282,12
perch,It was a secure perch.,M2_b,2.756756757,1.861979314,0.567567568,1.093936331,0.297297297,0.701778093,0.783783784,1.37709709,0.216216216,0.629600188,1.513513514,1.725971894,37
perch,It was a tasty perch.,M1_a,1.846153846,1.675616993,0.769230769,1.23516842,1.461538462,1.560736184,0.692307692,1.182131929,2.076923077,2.139374459,1.230769231,1.300887271,13
pick,He picked his coffee.,M1_a,3.3,1.702938637,1.7,1.702938637,2.6,1.837873167,1.3,1.418136492,2.5,1.840893503,2.4,1.505545305,10
pick,He picked his dinner.,M1_b,2.815789474,1.843253046,0.763157895,1.149246769,1.052631579,1.558713406,1.078947368,1.513570665,0.973684211,1.4975086,1.657894737,1.921096474,38
pick,He picked his nose.,M2_b,2.642857143,1.499083969,0.714285714,1.489892687,0.857142857,0.949262293,2.214285714,1.528124614,0.285714286,0.825420306,3.142857143,1.875228924,14
pick,He picked his scab.,M2_a,4.153846154,1.28102523,1.538461538,1.664100589,0.769230769,1.48064435,3.384615385,1.556623565,0.076923077,0.277350098,3.846153846,1.724632997,13
pitcher,He saw the fast pitcher.,M1_a,3.363636364,1.566698904,1.181818182,1.887759615,0.454545455,0.820199532,0.909090909,1.300349603,0.272727273,0.646669791,1.272727273,1.678744119,11
pitcher,He saw the glass pitcher.,M2_a,4.105263158,1.290075918,0.947368421,1.393951576,0.394736842,0.916499618,0.210526316,0.52802,0.657894737,1.145527514,2.894736842,1.720927997,38
pitcher,He saw the plastic pitcher.,M2_b,3.636363636,1.566698904,0.727272727,1.103712743,0.363636364,1.206045378,0.545454545,1.293339581,1,1.788854382,2.090909091,1.700267359,11
pitcher,He saw the right-handed pitcher.,M1_b,4.133333333,1.302013093,1.466666667,1.846489591,0.266666667,0.59361684,0.733333333,1.099783528,0.266666667,0.798808637,2.2,2.007130147,15
poach,She poached the bear.,M1_b,3,1.668115312,1.375,1.739877557,1.041666667,1.627993341,0.875,1.034723235,0.166666667,0.380693494,1.666666667,1.736229465,24
poach,She poached the deer.,M1_a,3.555555556,1.464168996,2.277777778,1.808657466,1.222222222,1.477500097,1.777777778,1.664704728,0.666666667,1.028991511,1.444444444,1.616904167,18
poach,She poached the eggs.,M2_a,3.866666667,1.884776101,1.933333333,2.016597795,2.6,1.843908891,0.8,1.424279266,3.2,1.971221521,2,2,15
poach,She poached the vegetables.,M2_b,3.647058824,1.656093916,1.176470588,1.667156791,1.588235294,1.73417212,1.411764706,1.73417212,1.705882353,1.896203638,2.411764706,1.872792819,17
port,It was a delicious port.,M2_a,2.230769231,1.786703023,1.384615385,1.609268029,2.307692308,1.548365557,1.538461538,1.391365314,2.615384615,2.063106943,1.076923077,1.552500052,13
port,It was a seaside port.,M1_b,3.842105263,1.7082531,2.368421053,1.977948609,2.421052632,2.219003517,1,1.632993162,0.684210526,1.249561327,1.210526316,1.873171623,19
port,It was a sweet port.,M2_b,2.5,1.886484437,0.5,0.923548145,1.333333333,1.714985851,0.833333333,1.382665797,1.166666667,1.947849493,0.611111111,0.978527639,18
port,It was a windy port.,M1_a,3.388888889,1.883016631,2.444444444,1.652884189,1.722222222,1.67351534,1.333333333,1.45521375,0.388888889,0.916443823,1.555555556,1.652884189,18
position,He was in a distinguished position.,M1_a,3,1.716790151,1.25,1.681947493,0.05,0.223606798,1.3,1.380312703,0.05,0.223606798,0.5,0.888523317,20
position,He was in a fetal position.,M2_a,3.375,1.62788206,0.6875,0.946484724,0.0625,0.25,2.3125,1.778341924,0.125,0.341565026,1.25,1.807392228,16
position,He was in a prominent position.,M1_b,2.75,1.864744682,0.75,1.215431087,0,0,1.916666667,1.676486224,0,0,0.666666667,1.370688834,12
position,He was in a yoga position.,M2_b,3.75,1.570562532,0.625,1.258305739,0.1875,0.403112887,2.5,1.460593487,0.0625,0.25,1.9375,1.842778699,16
post,It was a challenging post.,M2_b,2.666666667,1.782265577,0.944444444,1.433720878,0.333333333,0.685994341,1.222222222,1.80050828,0.277777778,0.751903902,0.388888889,1.036900863,18
post,It was a fence post.,M1_b,3.2,1.656157342,0.2,0.560611911,0.466666667,0.915475416,0.466666667,0.915475416,0,0,1.933333333,1.709915063,15
post,It was a teaching post.,M2_a,2.944444444,1.764760348,1.722222222,1.903728711,0.055555556,0.23570226,0.666666667,1.137592918,0.111111111,0.323380833,0.944444444,1.513555309,18
post,It was a wooden post.,M1_a,3.818181818,1.180652105,0.545454545,1.223860898,0.545454545,0.857864054,0.363636364,0.789542034,0.136363636,0.467562529,2.409090909,1.593411761,22
punch,He had the alcoholic punch.,M1_a,2.785714286,1.928673176,1.071428571,1.979288361,2.285714286,2.233609408,1.857142857,1.915810447,3.071428571,2.234839031,0.857142857,1.610405723,14
punch,He had the fruit punch.,M1_b,2.8,1.656157342,1.4,1.298350602,1.266666667,1.624221425,1.2,1.264911064,2.8,2.077085871,1.4,1.882247896,15
punch,He had the quickest punch.,M2_b,3.75,1.484771179,2.083333333,1.240112409,0.25,0.452267017,2.916666667,1.164500153,0.333333333,0.651338947,3.916666667,1.083624669,12
punch,He had the strongest punch.,M2_a,3.833333333,1.114640858,2.583333333,1.880924982,0.25,0.866025404,3.5,1.882937743,0.5,0.797724035,4.083333333,1.928651594,12
pupil,She had a brilliant pupil.,M1_a,2.825,1.767041566,1.025,1.56053081,0.15,0.533493566,0.875,1.399404635,0.125,0.515776736,0.5,1.012739367,40
pupil,She had a cloudy pupil.,M2_b,3.454545455,2.114882331,0.363636364,1.206045378,0,0,0.818181818,0.750757194,0,0,0.181818182,0.404519917,11
pupil,She had a dilated pupil.,M2_a,4.571428571,0.937614462,0.071428571,0.267261242,0,0,2.071428571,1.979288361,0.071428571,0.267261242,1.357142857,1.94569121,14
pupil,She had an interested pupil.,M1_b,3.571428571,1.398586414,1.714285714,2.091321681,0.142857143,0.36313652,1.428571429,1.696797242,0.071428571,0.267261242,0.928571429,1.639150142,14
push,He pushed the bed.,M2_a,2.909090909,1.578261414,2.090909091,1.445997611,0.454545455,0.820199532,1.909090909,1.814086296,0.454545455,0.934198733,3.454545455,1.809068067,11
push,He pushed the cocaine.,M1_a,2.647058824,1.902011319,1.058823529,1.560071642,0.352941176,0.70188821,1,1.118033989,0.235294118,0.437237316,1.941176471,2.105664629,17
push,He pushed the desk.,M2_b,3.875,1.087811258,2.5,1.825741858,0,0,2.125,1.586400538,0.125,0.5,3.5625,1.459166429,16
push,He pushed the drugs.,M1_b,2.714285714,1.857565463,1.357142857,1.645840578,0.571428571,1.283881478,1.714285714,1.815682598,0.357142857,0.928782732,2.785714286,1.761929512,14
racket,That was a badminton racket.,M2_a,4.058823529,1.197423705,1.941176471,1.886484437,0.588235294,1.003669737,1.294117647,1.686887144,0.117647059,0.332105582,3.705882353,1.686887144,17
racket,That was a loud racket.,M1_a,2.5,1.99036139,4.642857143,0.633323694,0.214285714,0.425815314,1.5,1.911503637,0.214285714,0.578934224,1.357142857,1.86494557,14
racket,That was a tennis racket.,M2_b,3.214285714,1.625686668,2.642857143,1.86494557,0.785714286,1.121713759,0.642857143,1.081817762,0,0,3.142857143,1.65748386,14
racket,That was an annoying racket.,M1_b,1.6,1.549193338,4,1.812653934,0.4,0.736788398,1.133333333,1.552264091,0.133333333,0.516397779,0.533333333,0.990430402,15
rock,He liked alternative rock.,M1_b,2,1.414213562,4.230769231,1.23516842,0.076923077,0.277350098,2.461538462,1.664100589,0,0,1.153846154,1.625123269,13
rock,He liked electronic rock.,M1_a,1.5625,1.896268265,3.1875,2.1975365,0.375,1.024695077,1.75,1.770122406,0.1875,0.543905629,0.5625,1.093541647,16
rock,He liked granite rock.,M2_b,3.565217391,1.590485545,0.652173913,0.98205238,0.304347826,0.558795995,0.608695652,1.305203935,0.347826087,0.647280721,2.826086957,1.556574734,23
rock,He liked limestone rock.,M2_a,3,1.732050808,0.545454545,1.293339581,0.090909091,0.301511345,0.272727273,0.646669791,0.090909091,0.301511345,2.818181818,2.040499048,11
run,She ran the company.,M2_b,3.1,1.791957341,1.7,1.82878223,0,0,1.6,1.646545205,0,0,0.7,1.159501809,10
run,She ran the marathon.,M1_a,3.048780488,1.611695063,1.146341463,1.352053542,0.56097561,1.025884508,2.634146341,2.058592936,0.12195122,0.509662729,1.365853659,1.826966031,41
run,She ran the race.,M1_b,3.909090909,1.375103302,2.090909091,2.022599587,1,1.183215957,3.272727273,1.737291518,0.090909091,0.301511345,0.909090909,1.700267359,11
run,She ran the shop.,M2_a,3.461538462,1.613246448,1.923076923,1.552500052,0.307692308,0.854850414,1.153846154,1.625123269,0.307692308,0.854850414,0.615384615,1.043907845,13
sage,He saw the bushy sage.,M2_b,3.230769231,1.48064435,0.615384615,1.120897077,2.615384615,2.256046008,0.846153846,1.463224399,0.923076923,1.187542172,2.461538462,1.664100589,13
sage,He saw the fragrant sage.,M2_a,3.181818182,1.662418829,1.636363636,1.963299634,4.181818182,0.981649817,2.181818182,1.834021909,2.363636364,1.963299634,2.363636364,1.858640755,11
sage,He saw the renowned sage.,M1_b,2.810810811,1.868419383,0.891891892,1.328821194,1.810810811,1.761278542,0.648648649,1.229638976,0.648648649,1.085669691,1.054054054,1.223518286,37
sage,He saw the wise sage.,M1_a,3.076923077,1.656378503,1.461538462,1.761409692,2.923076923,1.60527975,1,1.290994449,0.846153846,0.800640769,2.384615385,1.502135232,13
scale,It was a fish scale.,M1_a,3.3,1.702938637,1.3,1.702938637,1.5,1.900292375,0.6,0.966091783,0.5,0.849836586,2.9,1.852925615,10
scale,It was a lizard scale.,M1_b,3.529411765,1.280510009,1.058823529,1.519481336,0.294117647,0.587867532,0.411764706,0.870260272,0.176470588,0.727606875,2.588235294,1.804813825,17
scale,It was a major scale.,M2_b,2.928571429,1.685425567,2.071428571,2.092634913,0.214285714,0.578934224,0.357142857,0.841897386,0.071428571,0.267261242,1,1.519109051,14
scale,It was a music scale.,M2_a,2.904761905,1.841324575,3.285714286,2.028370211,0,0,0.80952381,1.167006753,0,0,1,1.224744871,21
scene,It was a nature scene.,M2_a,4.333333333,1.302677895,2.833333333,1.749458791,2.5,1.78376517,2,1.906925178,0.083333333,0.288675135,2,1.809068067,12
scene,It was a panoramic scene.,M2_b,4.105263158,1.410072372,1.526315789,1.743827879,0.526315789,1.020262551,1.631578947,1.73879033,0.210526316,0.535303379,1.210526316,1.474936811,19
scene,It was a touching scene.,M1_a,3.6,1.349897115,2.3,1.766981104,0.7,1.33749351,2.6,1.577621275,0.3,0.948683298,1.2,1.686548085,10
scene,It was a well-acted scene.,M1_b,3.5625,1.787689384,2.4375,2.064582282,0.375,0.806225775,1.375,1.707825128,0.25,0.774596669,0.375,0.885061203,16
seal,It was a certified seal.,M1_b,3.5,1.632993162,1.3125,1.537042615,0.8125,1.470544117,0.4375,0.892094913,0.0625,0.25,2.5625,1.860779407,16
seal,It was a circus seal.,M2_a,4.388888889,0.849836586,3.277777778,1.319784098,1.555555556,1.68809751,0.111111111,0.323380833,0.055555556,0.23570226,1.722222222,1.601673961,18
seal,It was a gold seal.,M1_a,4.2,1.146423008,1.666666667,1.718249386,1.4,1.764733893,0.533333333,0.990430402,0.6,1.055597326,2.733333333,1.624221425,15
seal,It was a trained seal.,M2_b,3.666666667,1.45521375,2.5,1.339446769,1.555555556,1.199128224,1.055555556,1.513555309,0.111111111,0.471404521,1.777777778,1.628985811,18
serve,She served a lasagna.,M1_b,3.166666667,1.585922922,1.333333333,1.497472618,1.666666667,1.825741858,0.666666667,1.435481125,0.916666667,1.729862492,1.833333333,1.898963034,12
serve,She served a pie.,M1_a,3.266666667,1.486446706,2.066666667,2.051712409,2.866666667,2.133630932,1.866666667,1.767430203,2.133333333,1.995232413,2.466666667,1.597617273,15
serve,She served a summons.,M2_a,2.375,1.892969449,0.75,1.125462868,0.25,0.577350269,0.8125,1.424488212,0.0625,0.25,0.6875,1.138346754,16
serve,She served a warrant.,M2_b,1.727272727,1.848832555,1.363636364,1.501514387,0.636363636,1.433368569,0.909090909,1.445997611,0.636363636,1.433368569,0.909090909,1.300349603,11
sing,The bird sang.,M2_a,2.4375,1.71148084,4.625,1.087811258,0.1875,0.543905629,1.25,1.61245155,0.0625,0.25,0.4375,0.892094913,16
sing,The choir sang.,M1_b,3.818181818,1.60113596,5,0,0.090909091,0.301511345,2.272727273,1.793929156,0,0,0.454545455,0.820199532,11
sing,The cricket sang.,M2_b,1.4375,1.67207456,4.3125,1.195477589,0.1875,0.543905629,1.375,1.5,0.1875,0.543905629,0.4375,0.81394103,16
sing,The girl sang.,M1_a,2.25,2.00567377,4.416666667,0.668557923,0.166666667,0.389249472,1.916666667,1.880924982,0,0,0.25,0.621581561,12
spill,He spilled the drink.,M1_a,4.461538462,0.776250026,3,1.632993162,2.076923077,1.934835844,1.846153846,1.675616993,0.846153846,1.344504484,3.076923077,1.934835844,13
spill,He spilled the flour.,M1_b,4.142857143,1.231455852,2.214285714,1.672334684,1.571428571,1.827747067,1.571428571,1.603567451,1.214285714,1.528124614,3.142857143,1.460091823,14
spill,He spilled the news.,M2_a,2.292682927,1.833628949,2.853658537,1.956540002,0.12195122,0.399695006,1.195121951,1.661618371,0.292682927,0.928544626,0.707317073,1.382821435,41
spill,He spilled the secret.,M2_b,2.384615385,2.218800785,3.846153846,1.625123269,0.461538462,0.877058019,1.461538462,1.330124344,0.538461538,1.198289379,0.538461538,1.330124344,13
stake,He staked his claim.,M2_b,1.666666667,1.496026483,1.8,1.934646516,0.2,0.414039336,0.733333333,1.032795559,0.133333333,0.351865775,1.066666667,1.387014608,15
stake,He staked his horse.,M1_a,2.421052632,1.952656011,1.526315789,1.611363158,0.263157895,0.733492806,0.947368421,1.393384537,0,0,1.421052632,1.304513084,19
stake,He staked his name.,M2_a,1,1.183215957,0.727272727,1.272077756,0.181818182,0.404519917,0.818181818,1.328019715,0.363636364,0.809039835,0.636363636,1.026910636,11
stake,He staked his tent.,M1_b,3.277777778,1.637988564,2.222222222,1.986885104,0.611111111,1.092158623,0.944444444,1.161754364,0.166666667,0.383482494,2.5,1.653872461,18
stall,They stalled the bus.,M1_b,2.454545455,1.916436086,2.272727273,2.240129866,0.090909091,0.301511345,0.909090909,1.375103302,0.090909091,0.301511345,1.181818182,1.662418829,11
stall,They stalled the horse.,M2_a,2.533333333,1.884776101,1.866666667,1.884776101,0.866666667,1.060098827,0.533333333,1.245945806,0.066666667,0.25819889,1.2,1.473576795,15
stall,They stalled the pig.,M2_b,3.444444444,1.293523334,1.444444444,1.338226316,0.777777778,1.060274967,0.833333333,1.294785924,0.055555556,0.23570226,1.777777778,1.986885104,18
stall,They stalled the truck.,M1_a,2.8,1.740279124,2.266666667,1.667618776,0.466666667,0.915475416,1.4,1.4040757,0.2,0.774596669,1.666666667,1.718249386,15
stay,They stayed cold.,M1_b,0.9,1.209610638,0.65,1.225818738,0,0,2.4,1.846761034,0.2,0.695852374,1.85,2.084403234,20
stay,They stayed nearby.,M2_a,2.941176471,1.853057886,1.588235294,1.66052791,0.529411765,0.943242218,1.352941176,1.411611511,0.294117647,0.771743633,1.294117647,1.104802351,17
stay,They stayed overnight.,M2_b,3.230769231,2.006400016,0.923076923,1.705947364,0.384615385,0.650443636,1.461538462,1.808101427,0.153846154,0.375533808,1.076923077,1.705947364,13
stay,They stayed wet.,M1_a,2.25,1.912875038,0.583333333,1.505042031,0.583333333,1.443375673,1.75,2.050498831,0.25,0.866025404,1.583333333,2.193309386,12
tap,He tapped the beer.,M1_b,4,1,3.545454545,1.572490786,1.454545455,1.809068067,1.454545455,1.752919642,1.454545455,2.018099916,2.727272727,1.902151891,11
tap,He tapped the drums.,M2_b,3.153846154,1.818706218,3.923076923,1.846687957,0.307692308,0.854850414,0.846153846,1.28102523,0.076923077,0.277350098,3.307692308,1.931519928,13
tap,He tapped the keg.,M1_a,2.615384615,1.894661867,2.384615385,1.709700829,0.307692308,0.854850414,1.230769231,1.786703023,0.692307692,1.548365557,2.846153846,1.908147175,13
tap,He tapped the stick.,M2_a,3.642857143,1.645840578,2.642857143,2.09787962,0.285714286,0.825420306,1.714285714,1.683794772,0.214285714,0.801783726,3.214285714,1.577659973,14
tape,He used the double-sided tape.,M1_b,3.1,1.706698718,1.5,1.519109051,0.525,0.986771477,0.5,1.012739367,0.1,0.378932373,3.225,1.775726648,40
tape,He used the interview tape.,M2_a,3.4,1.264911064,3.4,1.712697677,0.1,0.316227766,0.5,1.08012345,0.1,0.316227766,1,1.414213562,10
tape,He used the scotch tape.,M1_a,3.692307692,1.493575988,2.846153846,1.818706218,1.461538462,1.71344607,0.461538462,0.877058019,0.307692308,0.854850414,3.461538462,1.808101427,13
tape,He used the video tape.,M2_b,3.333333333,1.23091491,2.166666667,1.696699113,0.5,1,0.75,0.866025404,0.333333333,0.887625365,2.083333333,1.676486224,12
term,It was a fall term.,M1_b,1.6875,2.088659857,0.8125,1.600781059,0.125,0.5,1.5625,1.931105038,0.0625,0.25,0.4375,1.209338662,16
term,It was a legal term.,M2_a,1.285714286,1.815682598,1.785714286,2.082105866,0.071428571,0.267261242,0.714285714,1.266647388,0.071428571,0.267261242,0.428571429,1.157868447,14
term,It was a technical term.,M2_b,2.285714286,1.857565463,2.357142857,1.736802671,0.071428571,0.267261242,1,1.568929081,0,0,0.214285714,0.578934224,14
term,It was a winter term.,M1_a,1.3125,1.887458609,0.5,1.264911064,0.4375,1.030776406,1.0625,1.691892432,0.4375,1.093541647,1,1.897366596,16
tick,It was a clock tick.,M1_a,2.428571429,1.869359648,4.214285714,1.42389344,0.071428571,0.267261242,1.071428571,1.730463954,0.214285714,0.801783726,0.428571429,0.755928946,14
tick,It was a diseased tick.,M2_b,2.454545455,1.694912173,0.181818182,0.603022689,0.181818182,0.404519917,1.727272727,2.053821272,0,0,2.363636364,1.911686547,11
tick,It was a parasitic tick.,M2_a,2.974358974,1.856527311,0.974358974,1.693442142,0.128205128,0.469012803,2.666666667,1.544656891,0.076923077,0.354268363,2.487179487,1.775147064,39
tick,It was an audible tick.,M1_b,2.214285714,1.761929512,3.071428571,1.899971081,0.285714286,0.825420306,2.642857143,1.736802671,0.285714286,0.825420306,1.5,1.743118337,14
tip,It was a finger tip.,M2_b,3.6875,1.195477589,0.25,0.774596669,0.8125,1.470544117,1.9375,1.948289848,0.5625,1.209338662,3.9375,1.340087062,16
tip,It was a generous tip.,M1_a,3.055555556,1.924217862,1.611111111,2.004080804,0,0,1.166666667,1.72353945,0,0,1.5,1.72353945,18
tip,It was a pencil tip.,M2_a,3.461538462,1.506396618,0.846153846,1.724632997,0.461538462,0.877058019,0.692307692,0.854850414,0.076923077,0.277350098,3.615384615,1.120897077,13
tip,It was a stingy tip.,M1_b,2.066666667,1.94446712,0.4,0.736788398,0.2,0.560611911,1.133333333,1.641718032,0.066666667,0.25819889,2.6,1.882247896,15
title,She liked the academic title.,M2_a,2.285714286,2.054210364,2.357142857,2.023216892,0.071428571,0.267261242,1.285714286,1.772810521,0,0,0.071428571,0.267261242,14
title,She liked the essay title.,M1_a,2.769230769,1.690850188,1.615384615,1.709700829,0.076923077,0.277350098,0.615384615,1.192927878,0.307692308,0.630425172,0.230769231,0.59914469,13
title,She liked the poem title.,M1_b,2.4,2.412928143,2.5,2.068278941,0,0,0.8,1.316561177,0,0,0,0,10
title,She liked the professional title.,M2_b,2.090909091,1.921173884,1.363636364,2.01359019,0,0,0.727272727,1.555050423,0.090909091,0.301511345,0.272727273,0.646669791,11
toast,They toasted the bread.,M1_a,3.941176471,1.088036548,2.529411765,1.73629084,3.941176471,1.390619836,1.294117647,1.447614671,3.705882353,1.531531337,3,1.369306394,17
toast,They toasted the bride.,M2_b,3.736842105,1.75885396,2.894736842,1.728671193,1.315789474,1.765491168,1.052631579,1.078769062,1.421052632,2.008752777,1.157894737,1.572795031,19
toast,They toasted the host.,M2_a,3.588235294,1.502448981,2.470588235,1.907801322,1.058823529,1.675954513,1.294117647,1.72353945,1.705882353,1.896203638,1.058823529,1.784327192,17
toast,They toasted the strudel.,M1_b,3.133333333,1.807392228,2.333333333,1.5430335,4.266666667,0.883715102,1.533333333,1.767430203,3.666666667,1.345185418,2.533333333,1.684664726,15
toll,It was a bell toll.,M2_b,3.1875,1.682012683,3.9375,1.569235483,0.3125,0.793200269,1.625,1.821171784,0,0,1.125,1.543804824,16
toll,It was a costly toll.,M1_a,2.333333333,2.093072474,0.733333333,1.222799287,0.466666667,1.060098827,0.866666667,1.187233679,0.4,0.91025899,0.933333333,1.387014608,15
toll,It was a loud toll.,M2_a,2.285714286,1.815682598,2.785714286,1.928673176,0.285714286,0.825420306,0.357142857,0.744946344,0.071428571,0.267261242,0.642857143,1.081817762,14
toll,It was a road toll.,M1_b,2.545454545,1.809068067,0.454545455,0.934198733,0.454545455,1.213559752,0.272727273,0.467099366,0.272727273,0.646669791,0.545454545,1.035725481,11
track,She saw the moose tracks.,M2_a,3.647058824,0.931475742,1.705882353,1.72353945,0.941176471,1.390619836,0.941176471,1.390619836,0.176470588,0.52859414,1.882352941,1.495090003,17
track,She saw the snowshoe tracks.,M2_b,3.6875,1.302241657,1.25,1.290994449,0.375,0.885061203,0.6875,1.01447852,0.1875,0.403112887,1,1.460593487,16
track,She saw the train tracks.,M1_a,4.7,0.674948558,3.4,1.505545305,0.3,0.674948558,0.5,0.707106781,0,0,2.1,1.728840331,10
track,She saw the trolley tracks.,M1_b,3.7,1.418136492,2.2,1.813529401,0.2,0.632455532,0.3,0.674948558,0,0,1.4,1.646545205,10
yard,It was five yards.,M1_a,3.588235294,1.697749375,0.176470588,0.727606875,0.411764706,1.003669737,0.411764706,1.003669737,0.176470588,0.727606875,0.294117647,0.771743633,17
yard,It was ten yards.,M1_b,4.142857143,1.292412345,0,0,0.214285714,0.801783726,0.785714286,1.311403912,0,0,0.071428571,0.267261242,14
yard,They were big yards.,M2_a,3.826086957,1.435022138,1.086956522,1.59296874,1.391304348,1.587998467,0.434782609,0.843482336,0.086956522,0.288104066,0.826086957,1.302172098,23
yard,They were cluttered yards.,M2_b,4.285714286,1.138728807,1.857142857,1.833749537,1.928571429,1.774359504,0.5,0.854850414,0.214285714,0.578934224,2.071428571,1.774359504,14