word,sentence,context,Foot_leg.M,Foot_leg.SD,Mouth_throat.M,Mouth_throat.SD,Torso.M,Torso.SD,Head.M,Head.SD,Hand_arm.M,Hand_arm.SD,count_action
act,It was a comedic act.,M2_b,1.375,1.62788206,2.375,1.821171784,1.5,1.751190072,1.875,2.156385865,1.9375,1.948289848,16
act,It was a desperate act.,M1_a,1.789473684,1.931578151,2.157894737,1.893355572,2.157894737,2.007296631,2.368421053,1.770452745,2.684210526,1.887168119,19
act,It was a humane act.,M1_b,2.214285714,2.044827299,2.571428571,2.101804562,2.285714286,2.091321681,3.214285714,1.928673176,2.928571429,1.730463954,14
act,It was a magic act.,M2_a,1.9,2.125038699,1.95,1.986136159,2.1,1.997366687,1.75,1.831737743,2.85,1.78517285,20
appeal,He had a legal appeal.,M2_a,0.173913043,0.49102619,1.434782609,1.854382695,0.173913043,0.49102619,1.782608696,1.905888524,0.47826087,0.845822097,23
appeal,He had a pending appeal.,M2_b,0.785714286,1.188313053,1.642857143,1.446860945,1,1.300887271,2,1.881079886,1.142857143,1.167320591,14
appeal,He had a universal appeal.,M1_a,1.083333333,1.639635873,1.625,1.739877557,1.708333333,1.731527766,3.041666667,1.852827843,1.666666667,1.833662685,24
appeal,He had an undefinable appeal.,M1_b,0.625,0.957427108,1,1.154700538,0.75,1.483239697,2.5,2.033060091,0.8125,1.108677891,16
atmosphere,It was a gaseous atmosphere.,M2_a,0.842105263,1.42451387,2.315789474,1.945154423,1.157894737,1.607729866,2.789473684,1.718492471,0.736842105,1.326738074,19
atmosphere,It was a hostile atmosphere.,M1_b,1.380952381,1.657594356,1.904761905,2.022492569,1.571428571,1.690308509,2.761904762,1.997617629,1.666666667,1.622754859,21
atmosphere,It was a polluted atmosphere.,M2_b,0.722222222,1.363626461,1.888888889,1.875190622,0.444444444,0.855585264,2.388888889,1.974510777,1,1.533929978,18
atmosphere,It was a tense atmosphere.,M1_a,0.923076923,1.255755978,1.384615385,1.556623565,0.923076923,1.187542172,3.153846154,1.405118847,1.461538462,1.664100589,13
bail,He bailed out the defendant.,M1_b,1.454545455,1.654064913,1.863636364,1.958995237,0.590909091,0.959121171,2.045454545,1.731425857,2,1.573591585,22
bail,He bailed out the liquid.,M2_b,1.263157895,1.661395172,0.473684211,1.172292202,1.157894737,1.607729866,0.947368421,1.470966584,2.684210526,1.827342684,19
bail,He bailed out the prisoner.,M1_a,1.210526316,1.873171623,1,1.56347192,0.789473684,1.618605276,1.263157895,1.820930936,2.052631579,2.067571958,19
bail,He bailed out the water.,M2_a,1.904761905,1.729299335,0.904761905,1.261140829,2.095238095,1.410842369,1.428571429,1.535298947,3.047619048,1.532194194,21
band,It was a country band.,M2_b,1.916666667,1.931808494,2.416666667,2.124733572,1.208333333,1.531670491,2,2.166945356,2.791666667,1.768791449,24
band,It was a gold band.,M1_a,0.869565217,1.391674852,0.913043478,1.564174004,0.782608696,1.126398998,1.304347826,1.459600898,2.434782609,1.854382695,23
band,It was a jazz band.,M2_a,1.8,1.82051798,3,1.772810521,0.8,1.424279266,2.2,1.85933936,3.066666667,2.051712409,15
band,It was a rubber band.,M1_b,1.380952381,1.82964998,1.238095238,1.729299335,1.238095238,1.729299335,1.380952381,1.716863142,2.761904762,1.729299335,21
bank,He banked the cash.,M2_b,0.555555556,0.921777198,0.333333333,0.685994341,0.666666667,1.028991511,2.111111111,1.906301898,2.055555556,1.625973816,18
bank,He banked the helicopter.,M1_b,1.529411765,1.462773353,0.411764706,0.618346942,1.235294118,1.437420075,1.117647059,1.317305628,2.411764706,1.543487266,17
bank,He banked the money.,M2_a,0.615384615,1.32529629,0.923076923,1.441153384,0.230769231,0.832050294,1.538461538,1.853617392,2,1.870828693,13
bank,He banked the plane.,M1_a,1.6875,1.740450133,0.875,1.258305739,1.4375,1.71148084,0.875,1.5,2.3125,1.956825661,16
barrier,There was a concrete barrier.,M1_b,1.933333333,1.94446712,0.8,1.780850519,2.066666667,2.120197655,1.933333333,1.94446712,2.133333333,2.065591118,15
barrier,There was a language barrier.,M2_a,1.5,1.732050808,2.1,2.125038699,1.5,2.039091645,1.65,1.843195166,2.5,1.820930936,20
barrier,There was a police barrier.,M1_a,1.866666667,1.767430203,0.333333333,1.046536237,2.4,1.843908891,2,2.171240593,2.666666667,1.496026483,15
barrier,There was a religious barrier.,M2_b,1.68,1.908751774,1.96,1.925270544,1.88,1.921804707,2.2,1.957890021,2.08,1.934769581,25
bat,He saw a baseball bat.,M2_b,1.35,1.531253357,0.3,0.801314709,1.65,1.78517285,1.3,1.260743306,3.9,1.682729612,20
bat,He saw a fruit bat.,M1_b,0.214285714,0.425815314,0.5,0.940539943,0.571428571,1.342459609,1.714285714,2.016416144,1.357142857,1.78054196,14
bat,He saw a furry bat.,M1_a,0.588235294,1.227743027,0.411764706,1.277635684,0.529411765,1.067570083,1.705882353,1.759428383,1.705882353,2.172691473,17
bat,He saw a wooden bat.,M2_a,0.888888889,0.963381843,0.111111111,0.323380833,1.5,1.248528546,0.611111111,1.144752164,3,1.909727421,18
beam,He saw the balance beam.,M2_b,2.625,1.764689898,0.166666667,0.564659703,1.541666667,1.413572922,0.75,1.15155849,1.666666667,1.578845662,24
beam,He saw the bright beam.,M1_b,0.947368421,1.614988277,0.736842105,1.240165995,0.736842105,1.240165995,2.368421053,2.005839428,1.105263158,1.286456669,19
beam,He saw the laser beam.,M1_a,1.071428571,1.774359504,0.357142857,0.633323694,0.714285714,1.437335753,1.785714286,1.888368096,1.357142857,1.33630621,14
beam,He saw the wood beam.,M2_a,1.363636364,1.705605731,0.590909091,1.221205139,1.045454545,1.64685191,1.363636364,1.7874018,1.363636364,1.619684112,22
block,She had a mental block.,M2_a,1.714285714,2.267786838,0.857142857,1.167320591,1.5,2.066211695,3.428571429,1.910065875,2.214285714,2.391606201,14
block,She had a toy block.,M1_a,0.857142857,1.292412345,0.5,1.019049331,0.642857143,1.008208072,0.785714286,1.368804724,2.5,2.2101166,14
block,She had a wooden block.,M1_b,1.315789474,1.765491168,1.105263158,1.629408101,0.842105263,1.537066394,1.315789474,1.701392618,2,1.795054936,19
block,She had a writer's block.,M2_b,1.3,1.922169827,1.3,1.780005914,1.4,1.875043859,2.5,2.115108558,2.55,1.700619082,20
blood,He has coagulated blood.,M1_a,1.434782609,1.829706558,1.52173913,1.830786349,1.304347826,1.743423555,1,1.445997611,1.347826087,1.773765785,23
blood,He has noble blood.,M2_a,2,2.026144901,2.55,1.932410548,2.4,1.818038272,2.65,1.87153188,2.65,1.954078057,20
blood,He has royal blood.,M2_b,1.823529412,1.776066374,1.647058824,1.966633433,2.411764706,1.872792819,2.352941176,1.800735144,2.705882353,1.992633492,17
blood,He has thin blood.,M1_b,1.882352941,1.996320144,2.117647059,1.932690901,2.058823529,1.675954513,2.588235294,1.622452755,2.529411765,1.972233729,17
board,It was the executive board.,M2_a,0.833333333,1.487495774,0.8,1.297211864,0.933333333,1.412587094,1.133333333,1.634400308,0.933333333,1.311312407,30
board,It was the ironing board.,M1_a,1.1875,1.327591805,0.5,0.730296743,2,1.712697677,1.0625,1.569235483,2.5625,1.896268265,16
board,It was the school board.,M2_b,0.857142857,1.511857892,1.428571429,1.827747067,0.928571429,1.439245834,1.928571429,2.055547306,1.428571429,1.650840612,14
board,It was the wooden board.,M1_b,1.266666667,1.79151439,0.266666667,0.798808637,1.2,1.521277659,1.266666667,1.751190072,1.933333333,1.667618776,15
book,He had a best-selling book.,M1_a,0.470588235,1.007326105,1.470588235,1.907801322,0.588235294,0.939336437,3.882352941,1.268973647,2.647058824,1.800735144,17
book,He had a heavy book.,M2_a,0.357142857,0.633323694,0.142857143,0.534522484,0.571428571,1.016349858,2.357142857,2.09787962,3.5,1.344504484,14
book,He had a leather-bound book.,M2_b,0.619047619,0.973457265,1.333333333,1.683250823,0.571428571,1.075705748,2.428571429,1.938335073,3.095238095,1.89485519,21
book,He had a popular book.,M1_b,0.090909091,0.294244943,1.363636364,1.705605731,0.545454545,0.857864054,3.227272727,1.823962671,3.272727273,1.93173542,22
break,He broke the dish.,M1_b,1.722222222,1.775836358,1.055555556,1.797783675,1,1.137592918,0.833333333,1.043185168,3.5,1.465284554,18
break,He broke the glass.,M1_a,1.583333333,1.505042031,0.166666667,0.389249472,0.75,1.055289706,0.333333333,0.492365964,2.833333333,1.193416283,12
break,He broke the law.,M2_a,1.333333333,1.588650221,1.066666667,1.387014608,0.6,1.121223821,1.733333333,1.624221425,1.8,1.656157342,15
break,He broke the promise.,M2_b,1.294117647,1.531531337,1.588235294,2.032818964,0.588235294,1.325651893,1.647058824,1.835114999,2.470588235,1.699913493,17
breakfast,They ate a family breakfast.,M2_a,0.6875,1.078192933,4.1875,1.276388133,1.5,1.460593487,1.3125,1.662077014,2.3125,1.579820665,16
breakfast,They ate a lonely breakfast.,M2_b,0.538461538,0.518874522,4.153846154,1.863963244,0.923076923,1.320450584,2,1.870828693,2.384615385,1.709700829,13
breakfast,They ate a nutritious breakfast.,M1_b,0.8125,1.515200757,4.6875,1.01447852,1.6875,1.887458609,1.4375,1.590335394,2.8125,1.376892637,16
breakfast,They ate a pancake breakfast.,M1_a,0.176470588,0.52859414,4.117647059,1.363925994,1.117647059,1.452685141,1.529411765,1.545867356,1.882352941,1.866894244,17
call,They called the debt.,M2_b,0.333333333,0.651338947,3.5,1.977142106,1,1.348399725,2.916666667,2.020725942,1.666666667,1.825741858,12
call,They called the landlord.,M1_a,0.733333333,1.579632266,3.333333333,1.759328876,0.533333333,1.125462868,2.266666667,1.830950833,2.866666667,1.641718032,15
call,They called the loan.,M2_a,0.166666667,0.514495755,3.5,1.823054967,0.333333333,0.84016805,2,1.236693885,2,1.878672873,18
call,They called the police.,M1_b,0.53125,1.077163988,3.6875,1.767766953,0.40625,0.945596756,2.25,1.934408303,2.84375,1.608633461,32
cape,It was a flowing cape.,M1_b,0.833333333,1.294785924,0.166666667,0.514495755,2.888888889,1.843554396,1.111111111,1.604731566,1.555555556,1.503807803,18
cape,It was a red cape.,M1_a,0.777777778,1.060274967,0.333333333,0.766964989,2.722222222,1.67351534,0.666666667,1.028991511,1.055555556,1.109966731,18
cape,It was a rocky cape.,M2_a,1.2,1.609184167,0.6,1.500876937,1.3,1.625455402,0.75,1.371706582,1.15,1.386969434,20
cape,It was an island cape.,M2_b,0.157894737,0.374634325,0.157894737,0.374634325,1.473684211,1.645479365,0.684210526,1.157230006,0.578947368,0.96123702,19
case,It was a beer case.,M1_a,0.5625,0.81394103,0.8125,1.167261753,1.0625,1.481834449,1.125,1.454876856,2.3125,1.956825661,16
case,It was a criminal case.,M2_b,0.833333333,1.248528546,1,1.571810496,1.222222222,1.352799083,1.111111111,1.529663127,1.055555556,1.551933224,18
case,It was a display case.,M1_b,0.2,0.414039336,0.4,0.828078671,0.266666667,0.457737708,1.266666667,1.709915063,1.333333333,1.112697281,15
case,It was a divorce case.,M2_a,0.40625,1.011526314,1.3125,1.674042818,0.53125,1.190943649,1.78125,1.86191672,1,1.459120371,32
cast,She cast a glow.,M1_b,2.125,1.668332501,0.9375,1.52616076,1.4375,1.71148084,1.0625,1.52616076,3.1875,1.327591805,16
cast,She cast a shadow.,M1_a,2.3125,1.990602924,0.3125,0.793200269,2.75,1.732050808,2.0625,1.913765921,2.8125,1.939716474,16
cast,She cast a spear.,M2_a,0.6,1.242118007,1.266666667,1.94446712,1.533333333,1.807392228,1.333333333,1.67616342,3.266666667,1.579632266,15
cast,She cast a stone.,M2_b,1.705882353,1.447614671,0.352941176,0.785905248,2.117647059,1.900077398,1.117647059,1.495090003,4.411764706,1.064120736,17
cause,It was a main cause.,M2_a,0.571428571,1.283881478,0.285714286,0.726273039,0.285714286,0.825420306,0.785714286,1.528124614,0.5,1.160238702,14
cause,It was a political cause.,M1_b,0.733333333,1.222799287,1.2,1.656157342,0.266666667,0.59361684,1.266666667,1.624221425,1,1.463850109,15
cause,It was a primary cause.,M2_b,1.285714286,1.815682598,1.642857143,2.169974933,1.357142857,1.392681026,1.928571429,2.017778127,2,1.961161351,14
cause,It was a worthy cause.,M1_a,0.655172414,1.14254922,1.068965517,1.667569542,0.655172414,1.289403574,1.862068966,1.99506781,0.827586207,1.440956169,29
cell,It was a brain cell.,M1_b,1.266666667,1.751190072,1.933333333,2.086236073,1.133333333,1.807392228,4.4,1.242118007,1.6,1.638814903,15
cell,It was a jail cell.,M2_b,1.933333333,1.667618776,0.666666667,0.816496581,1.4,1.298350602,1.266666667,1.533747356,2.266666667,1.579632266,15
cell,It was a prison cell.,M2_a,2.307692308,2.015961945,1,1.825741858,2.153846154,1.772293892,1.692307692,2.175033156,1.692307692,1.84321347,13
cell,It was a skin cell.,M1_a,2.722222222,1.964555198,2.777777778,2.289504327,2.722222222,1.994272846,2.722222222,2.023554111,3.055555556,1.893400993,18
charm,She had a devilish charm.,M1_a,0.619047619,1.023532631,2.380952381,2.01186954,1.095238095,1.578124263,2.761904762,2.022492569,1.095238095,1.445847914,21
charm,She had a gold charm.,M2_a,0.769230769,1.535895296,1.615384615,2.18091959,1.230769231,1.3634421,1.615384615,1.894661867,1.461538462,1.808101427,13
charm,She had a good-luck charm.,M2_b,0.647058824,1.411611511,1,1.767766953,0.058823529,0.242535625,1.941176471,1.983386883,1.764705882,1.855040827,17
charm,She had a natural charm.,M1_b,1.157894737,1.537066394,2.315789474,1.796683104,1.631578947,1.673669499,2.421052632,1.609547537,1.631578947,1.535162905,19
check,He checked the alibi.,M2_a,0.692307692,1.250640861,1.384615385,1.804552647,0.692307692,1.250640861,2.923076923,1.846687957,1.538461538,1.853617392,13
check,He checked the engine.,M1_a,1.578947368,1.804801912,0.473684211,1.073334423,1.631578947,1.640139774,3.210526316,1.512134157,3.210526316,1.583910329,19
check,He checked the facts.,M2_b,0.5,1.371478174,1.272727273,2.027943321,0.227272727,0.751621624,3.409090909,1.842852109,1.818181818,1.816232722,22
check,He checked the oven.,M1_b,1.071428571,1.817195037,0,0,0.642857143,1.150728389,2.357142857,1.905746083,2,2,14
chicken,They liked the clucking chicken.,M2_a,0.4,1.121223821,3.533333333,1.846489591,1,1.362770288,1.266666667,1.751190072,1.866666667,2.065591118,15
chicken,They liked the juicy chicken.,M1_a,0.846153846,1.463224399,4.076923077,1.800996875,0.923076923,1.382120259,0.846153846,1.344504484,1.538461538,1.560736184,13
chicken,They liked the pet chicken.,M2_b,1.04,1.567375726,2.24,2.087262961,0.8,1.258305739,1.24,1.479864859,1.92,1.869046103,25
chicken,They liked the roasted chicken.,M1_b,0.6,1.095445115,3.7,1.301820588,0.7,1.174285897,1.4,1.667017507,1.4,1.353358396,20
class,It was a boring class.,M2_a,1.117647059,1.409004655,1.823529412,1.776066374,0.882352941,1.409004655,3.352941176,1.800735144,1.705882353,1.72353945,17
class,It was a misbehaving class.,M1_b,1.133333333,1.35576371,2.333333333,1.877181271,0.733333333,1.222799287,2.733333333,1.869555588,2.333333333,1.588650221,15
class,It was a perceptive class.,M1_a,0.833333333,1.504893977,1.5,1.790497795,1,1.84709629,2.611111111,2.304442995,1.944444444,1.954548909,18
class,It was a stimulating class.,M2_b,1.391304348,1.924462863,0.826086957,1.402989468,1.130434783,1.486434044,3.434782609,1.779327936,2.086956522,1.781547935,23
clear,He cleared the desk.,M1_a,1.692307692,1.797434069,1.076923077,1.846687957,1,1.354006401,1.769230769,1.535895296,3.692307692,1.436698495,13
clear,He cleared the path.,M2_a,2.842105263,1.641921567,1,1.527525232,1.473684211,1.71167303,1.842105263,1.740471133,3.210526316,1.750522061,19
clear,He cleared the road.,M2_b,1.15,1.348488433,1.55,1.932410548,1.15,1.225818738,2.1,2.074912807,2.85,2.033275812,20
clear,He cleared the shelf.,M1_b,1.375,1.310216267,0.875,1.586400538,1,1.264911064,1.1875,1.470544117,4.25,1.390443574,16
clip,It was a film clip.,M1_a,0.3,0.801314709,0.15,0.489360485,0.15,0.670820393,1.9,1.83245593,1.1,1.447320573,20
clip,It was a hair clip.,M2_a,0.333333333,0.651338947,0.5,1,0.416666667,0.792961461,2.583333333,2.108783938,1.75,1.658312395,12
clip,It was a metal clip.,M2_b,0.5,1.147078669,0.35,0.587142949,0.45,0.998683344,1.55,1.605090586,1.85,1.87153188,20
clip,It was a video clip.,M1_b,0.590909091,1.181568405,1.136363636,1.641586183,0.772727273,1.342769639,2.090909091,1.874873733,1.681818182,1.783158344,22
clog,The choreographer clogged.,M1_b,1.388888889,1.85151413,1.277777778,1.637988564,0.5,0.923548145,1.111111111,1.676441922,1.055555556,1.392087819,18
clog,The dancer clogged.,M1_a,2.25,1.983263304,0.9375,1.652018967,1.4375,1.263262971,0.875,1.454876856,2.0625,1.652018967,16
clog,The pipe clogged.,M2_a,0.588235294,0.870260272,1.647058824,1.578811914,0.647058824,1.271867548,0.941176471,1.197423705,1.352941176,1.271867548,17
clog,The sink clogged.,M2_b,0.620689655,0.97884017,1.379310345,1.69902899,0.793103448,1.264326765,1.172413793,1.627201048,2.172413793,1.891125242,29
cold,It was a chest cold.,M2_a,0.833333333,0.985184366,1.888888889,2.13896316,1.944444444,1.625973816,1.611111111,1.613869624,1.111111111,1.450715397,18
cold,It was a common cold.,M2_b,1.368421053,1.862212731,3.947368421,1.508261848,2.684210526,1.916380604,3.368421053,1.801558779,1.894736842,1.997073883,19
cold,It was a freezing cold.,M1_b,2.652173913,1.495711921,2.086956522,1.904851306,2.304347826,1.635814576,2.565217391,1.779327936,2.782608696,1.677566466,23
cold,It was an icy cold.,M1_a,2.571428571,1.741541568,2.142857143,2.178819118,2.714285714,1.815682598,2.142857143,2.282277636,3.357142857,1.549547967,14
column,It was a concrete column.,M2_a,1.058823529,1.748949264,0.882352941,1.576481563,1.411764706,1.804813825,1.058823529,1.712840778,1.764705882,1.821037196,17
column,It was a gossip column.,M1_a,1,1.705605731,0.916666667,1.621353718,1.333333333,1.825741858,1.5,1.78376517,1.916666667,1.928651594,12
column,It was a marble column.,M2_b,1,1.328422328,0.166666667,0.514495755,0.777777778,1.477500097,0.722222222,1.227410261,1.388888889,1.753614381,18
column,It was a sports column.,M1_b,0.774193548,1.334408169,0.548387097,1.150035063,0.516129032,1.060533443,1.64516129,1.853795873,1.032258065,1.42557289,31
company,He liked the investment company.,M1_a,0.583333333,0.99620492,1.166666667,1.527525232,0.583333333,0.99620492,2,1.906925178,1.166666667,1.466804401,12
company,He liked the pharmaceutical company.,M1_b,0.833333333,1.200490096,0.555555556,1.096637761,1,1.533929978,2.055555556,1.830211245,1.055555556,1.474178624,18
company,He liked the pleasant company.,M2_a,1.066666667,1.486446706,2,2.138089935,1.2,1.521277659,2.333333333,2.160246899,2,1.647508942,15
company,He liked the polite company.,M2_b,0.606060606,0.863835703,2,2.031009601,0.787878788,1.139012065,2.272727273,1.754863372,1.090909091,1.23398836,33
cone,It was a sugar cone.,M1_b,0.0625,0.25,2.875,1.892969449,0.8125,1.376892637,1.375,1.5,1.875,1.454876856,16
cone,It was a traffic cone.,M2_b,0.916666667,1.56427929,0.583333333,1.240112409,0.75,1.356801051,0.833333333,1.267304465,1.25,1.712255291,12
cone,It was a waffle cone.,M1_a,0.095238095,0.300792604,3,1.816590212,0.19047619,0.402373908,0.619047619,0.973457265,1.761904762,1.841324575,21
cone,It was an orange cone.,M2_a,0.764705882,1.480262298,0.764705882,1.251469724,0.294117647,0.685994341,1.588235294,2.063335392,1.411764706,1.73417212,17
contribution,He made a charitable contribution.,M1_a,0.8125,1.046820583,2.5,2.097617696,0.625,1.024695077,1.8125,1.721191448,2.5,1.591644852,16
contribution,He made a scholarly contribution.,M2_a,1.04,1.670329309,1.76,2.046948949,1,1.58113883,3.24,1.832120811,2.08,1.823915203,25
contribution,He made a voluntary contribution.,M1_b,1.315789474,2.05622717,2.105263158,2.208436773,0.947368421,1.649029486,2.210526316,1.873171623,2.210526316,2.043388998,19
contribution,He made a well-written contribution.,M2_b,0.714285714,1.419255338,1.857142857,1.930950913,0.80952381,1.249761882,2.619047619,1.856776521,2.571428571,1.912365775,21
count,That was the correct count.,M2_b,0.5625,1.093541647,1.0625,1.730847577,0.125,0.341565026,1.875,1.821171784,2.5,2.065591118,16
count,That was the final count.,M2_a,0.666666667,1.236693885,2.111111111,1.936913521,0.333333333,0.84016805,2.777777778,2.211083194,2.111111111,1.996729352,18
count,That was the noble count.,M1_a,0.705882353,1.212678125,1,1.541103501,0.705882353,1.212678125,3,1.620185175,2.411764706,1.905873275,17
count,That was the vengeful count.,M1_b,0.567567568,0.958602587,2,2.094967515,0.243243243,0.76031446,1.945945946,2.026846839,2.540540541,2.049316886,37
course,It was a charted course.,M2_a,2.933333333,1.667618776,1.066666667,1.387014608,1,1.253566341,1.733333333,1.869555588,1.6,1.638814903,15
course,It was a collision course.,M2_b,1.424242424,1.581737633,1.03030303,1.648576061,1,1.436140662,1.424242424,1.658883341,1.666666667,1.632993162,33
course,It was a pass-fail course.,M1_b,0.461538462,0.776250026,1.384615385,1.757766648,0.769230769,1.300887271,2,1.870828693,1.692307692,1.797434069,13
course,It was an introductory course.,M1_a,0.5,0.904534034,0.5,1,0.25,0.621581561,1.833333333,2.124888589,1.166666667,1.642245322,12
cross,He crossed a friend.,M2_b,3.357142857,1.392681026,1.428571429,1.650840612,0.785714286,1.311403912,1.428571429,1.452546078,1.857142857,1.791309914,14
cross,He crossed a road.,M1_a,3.571428571,1.222499691,0.5,0.759554525,1.214285714,1.311403912,0.785714286,1.050902281,2.285714286,1.683794772,14
cross,He crossed a room.,M1_b,4.125,1.454876856,0.3125,0.87321246,1.375,1.543804824,0.875,1.360147051,1.8125,2.007278423,16
cross,He crossed an enemy.,M2_a,2.193548387,1.88713813,1.483870968,1.729565798,0.806451613,1.166743469,1.870967742,1.892827435,2.064516129,1.913730804,31
date,It was a blind date.,M1_b,1.466666667,1.641718032,2.533333333,2.030716505,1.6,1.594633859,1.933333333,1.980860804,1.8,1.656157342,15
date,It was a dinner date.,M1_a,1.222222222,1.437135859,3.333333333,1.878672873,1.722222222,1.40610248,2.611111111,1.500544563,2.111111111,1.490711985,18
date,It was a historical date.,M2_b,0.333333333,0.766964989,0.388888889,0.916443823,0.277777778,0.669113158,1.722222222,1.775836358,0.444444444,0.921777198,18
date,It was an expiration date.,M2_a,0.782608696,1.277658431,1.826086957,1.850114835,1.086956522,1.411415907,1.956521739,1.718304155,1.695652174,1.743423555,23
degree,It was about associate degrees.,M2_a,0.578947368,1.121298329,1.157894737,1.607729866,0.684210526,1.157230006,2.947368421,2.067571958,1.473684211,1.576508838,19
degree,It was about college degrees.,M2_b,0.230769231,0.59914469,0.846153846,1.28102523,0.384615385,0.869718493,3.538461538,1.808101427,0.923076923,1.441153384,13
degree,It was about fifty degrees.,M1_b,1.333333333,1.644956642,1.277777778,1.564516672,1.444444444,1.503807803,1.888888889,1.745208192,1.722222222,1.840893503,18
degree,It was about forty degrees.,M1_a,1.8,1.61245155,1.8,1.740279124,2.6,1.882247896,2.333333333,1.914854216,2.8,2.111194652,15
design,They liked the architectural design.,M2_b,0.8,1.473576795,0.866666667,1.245945806,0.533333333,1.187233679,2.4,1.764733893,2.666666667,1.67616342,15
design,They liked the floral design.,M1_a,0.428571429,0.810643483,0.714285714,1.189237451,0.238095238,0.43643578,2.904761905,1.813966976,2.19047619,1.88730092,21
design,They liked the geometric design.,M1_b,0.4,0.680557047,0.45,0.759154655,0.3,0.656946685,2.7,1.866604009,2.35,1.631111988,20
design,They liked the product design.,M2_a,0.578947368,1.216360211,0.684210526,1.335524515,0.526315789,1.020262551,2.684210526,1.973508764,2.263157895,2.130260945,19
dinner,They liked the anniversary dinner.,M2_b,0.352941176,0.785905248,4.058823529,1.344925102,1.117647059,1.653872461,1.705882353,1.759428383,2.176470588,1.810914621,17
dinner,They liked the formal dinner.,M2_a,0.2,0.695852374,3.6,1.846761034,1.1,1.372665482,1.25,1.650358813,1.95,2.089447169,20
dinner,They liked the light dinner.,M1_b,0.588235294,1.121317502,4,1.414213562,1.705882353,1.447614671,1.823529412,1.776066374,2.705882353,1.759428383,17
dinner,They liked the turkey dinner.,M1_a,0.333333333,0.912870929,4.142857143,1.31475147,1.142857143,1.525965736,1.476190476,1.721018525,2.761904762,1.868281614,21
drain,They drained the account.,M1_a,0.677419355,1.22166817,1.419354839,1.648720586,1,1.290994449,1.290322581,1.487583015,1.419354839,1.544327114,31
drain,They drained the budget.,M1_b,0.571428571,1.452546078,1.5,1.556623565,0.642857143,1.215739272,1.857142857,1.875228924,1,1.709700829,14
drain,They drained the pond.,M2_b,1.0625,1.569235483,0.9375,1.569235483,0.5625,1.093541647,1.1875,1.833712082,2.125,2.125245084,16
drain,They drained the pool.,M2_a,1.375,1.707825128,1.4375,1.504160896,0.875,1.258305739,1.0625,1.52616076,2.8125,1.558578412,16
draw,He drew a gun.,M1_a,1.125,1.5,0.375,0.806225775,1.3125,1.537042615,1.1875,1.721191448,4.625,0.718795288,16
draw,He drew a sword.,M1_b,0.75,1.118033989,0.1,0.307793506,1.25,1.517442447,0.8,1.436369693,4.65,0.587142949,20
draw,He drew a tree.,M2_a,0.375,0.824225592,0.541666667,0.9770927,0.583333333,0.880546602,1.791666667,1.718927033,4.458333333,1.141287094,24
draw,They drew a picture.,M2_b,0.80952381,1.400680107,0.619047619,1.283596139,1.047619048,1.465475707,1.952380952,1.96153487,4.476190476,1.030487633,21
dream,He had a bad dream.,M1_b,0.625,1.024695077,0.8125,1.108677891,1.1875,1.558578412,4.3125,1.352466882,0.5,0.816496581,16
dream,He had a career dream.,M2_b,1.166666667,1.504893977,0.944444444,1.392087819,0.666666667,1.084652289,3.833333333,1.58113883,0.833333333,1.200490096,18
dream,He had a childhood dream.,M2_a,0.6,0.985610761,0.866666667,1.552264091,0.466666667,0.915475416,4,1.463850109,0.533333333,1.060098827,15
dream,He had a recurring dream.,M1_a,0.3125,0.478713554,0.625,1.258305739,0.5625,1.030776406,4.125,1.310216267,0.375,0.619139187,16
drill,It was a battery-powered drill.,M2_b,0.852941176,1.459189334,0.470588235,1.211942946,0.941176471,1.41295256,0.911764706,1.639801301,3.117647059,1.736675785,34
drill,It was a challenging drill.,M1_b,3.166666667,1.653872461,1.666666667,1.878672873,2.666666667,2.057983022,1.833333333,1.689065178,3.166666667,1.72353945,18
drill,It was a grueling drill.,M1_a,2.25,1.693123347,1.5,1.549193338,2,1.788854382,1.5625,1.412739655,3.1875,1.327591805,16
drill,It was an electric drill.,M2_a,0.75,1.341640786,0.8125,1.470544117,0.5625,0.727438428,1.5625,1.787689384,2.8125,1.641899307,16
examination,It was a difficult examination.,M1_b,0.878787879,1.293193135,0.96969697,1.55090394,0.878787879,1.36376262,3.696969697,1.629510058,2.272727273,1.790124424,33
examination,It was a multiple-choice examination.,M1_a,1.058823529,1.886484437,1.411764706,1.872792819,1.352941176,1.800735144,3.705882353,1.649420576,2.941176471,1.886484437,17
examination,It was a physical examination.,M2_b,3.111111111,1.906301898,3.166666667,1.757337558,3.166666667,1.886484437,3,1.878672873,3.333333333,1.84709629,18
examination,It was a prostate examination.,M2_a,1.357142857,1.598419549,1.285714286,1.815682598,1.714285714,1.683794772,2.857142857,2.178819118,2.357142857,2.09787962,14
fan,They had a ceiling fan.,M1_b,0.625,1.087811258,0.875,1.360147051,0.8125,1.376892637,1.375,1.668332501,1.6875,1.851800925,16
fan,They had a zealous fan.,M2_a,0.307692308,0.751067616,0.692307692,1.031553471,0.230769231,0.59914469,1.615384615,1.445594545,2.153846154,1.772293892,13
fan,They had an electric fan.,M1_a,1.285714286,1.898524586,1,1.358732441,2.142857143,1.955550006,2.214285714,2.044827299,2.285714286,2.054210364,14
fan,They had an enthusiastic fan.,M2_b,1.19047619,1.327367606,1.857142857,2.104417123,1.238095238,1.609495632,1.571428571,1.599106894,2.666666667,1.906130461,21
file,She had a data file.,M1_b,0.333333333,0.6172134,0.933333333,1.486446706,0.533333333,0.915475416,2.266666667,1.751190072,2.133333333,1.684664726,15
file,She had a nail file.,M2_a,1.125,1.707825128,0.375,0.718795288,0.125,0.341565026,0.6875,1.352466882,3.8125,1.515200757,16
file,She had a steel file.,M2_b,0.947368421,1.35292622,0.368421053,0.59726472,0.368421053,0.59726472,1.421052632,1.865350413,2.631578947,2.005839428,19
file,She had a text file.,M1_a,0.3,0.801314709,0.4,1.095445115,0.4,1.046296728,2.1,1.860956178,2.3,1.780005914,20
film,It was a censored film.,M1_b,0.307692308,0.630425172,0.769230769,1.012739367,0.692307692,1.182131929,2.923076923,2.100061049,0.615384615,0.960768923,13
film,It was a plastic film.,M2_b,0.529411765,1.124591429,0.647058824,1.114740803,0.470588235,1.067570083,0.941176471,1.248528546,1.823529412,1.550616576,17
film,It was a transparent film.,M2_a,0.5,1.043185168,1.055555556,1.625973816,0.722222222,1.178511302,2.833333333,1.790497795,1.333333333,1.608799333,18
film,It was an action film.,M1_a,0.916666667,1.317465098,1,1.309307341,0.833333333,1.253566341,2.5,1.843908891,1.75,1.556094011,36
fix,They fixed the date.,M2_a,0.555555556,1.199128224,1.333333333,1.571810496,0.388888889,0.777544316,1.333333333,1.748949264,2.666666667,2.086370335,18
fix,They fixed the dishwasher.,M1_b,1.321428571,1.492042384,0.142857143,0.448395139,1.142857143,1.297127474,1.214285714,1.499559018,3.321428571,1.764958743,28
fix,They fixed the price.,M2_b,1.4,1.429022485,0.8,1.151657844,1.35,1.598519051,2.4,1.569445091,2.65,1.598519051,20
fix,They fixed the radio.,M1_a,0.666666667,1.112697281,0.866666667,1.245945806,0.8,1.082325539,1.866666667,1.995232413,3.8,1.521277659,15
foundation,It was a charitable foundation.,M1_a,1.157894737,1.803181075,0.578947368,1.346426937,0.631578947,1.164785451,1.684210526,1.733738144,0.421052632,0.96123702,19
foundation,It was a concrete foundation.,M2_b,2.214285714,1.805060043,0.428571429,0.937614462,1.428571429,1.785164751,1.785714286,2.082105866,0.857142857,1.292412345,14
foundation,It was a wooden foundation.,M2_a,2.692307692,1.974192467,0.153846154,0.554700196,2.076923077,1.705947364,0.384615385,0.650443636,1.461538462,1.808101427,13
foundation,It was an educational foundation.,M1_b,1.260869565,1.912100019,0.304347826,0.926124997,0.52173913,1.201119373,1.47826087,1.780438282,0.47826087,0.790256875,23
function,It was a business function.,M2_b,2.142857143,2.178819118,2.214285714,2.082105866,2,1.921537846,2.428571429,2.027286391,2.142857143,2.213842565,14
function,It was a linear function.,M1_b,1.538461538,1.808101427,1.076923077,1.705947364,1.384615385,1.804552647,1.923076923,2.019139192,1.769230769,1.87766904,13
function,It was a mathematical function.,M1_a,0.764705882,1.349721038,1,1.61432977,0.705882353,1.404093836,3.088235294,1.564136843,2.176470588,1.783265446,34
function,It was a social function.,M2_a,2.214285714,1.888368096,2.5,2.103111248,2.285714286,2.054210364,3.071428571,2.129076568,2.928571429,1.940035119,14
ground,He was on the camp ground.,M2_a,4.230769231,1.3634421,1,1.224744871,1,1.683250823,0.846153846,1.068188018,1.153846154,1.405118847,13
ground,He was on the firm ground.,M1_a,4.4375,0.892094913,0.375,1.087811258,0.6875,1.078192933,0.4375,1.093541647,0.625,1.258305739,16
ground,He was on the frozen ground.,M1_b,4.1875,0.83416625,0.3125,0.87321246,0.6875,1.352466882,0.75,1.437590577,1.25,1.570562532,16
ground,He was on the parade ground.,M2_b,4.142857143,1.406421693,0.571428571,0.755928946,1,1.519109051,0.5,0.650443636,1.285714286,1.589802669,14
guard,They liked the coast guard.,M2_a,2.266666667,2.051712409,1.333333333,1.632993162,2.133333333,1.726543478,1.933333333,1.79151439,2.466666667,1.922300209,15
guard,They liked the national guard.,M2_b,2.230769231,2.047512562,1.076923077,1.441153384,2,1.914854216,1.769230769,1.423250163,2.692307692,1.931519928,13
guard,They liked the night guard.,M1_a,2.066666667,1.980860804,1.466666667,1.726543478,2,1.603567451,1.866666667,1.846489591,2.733333333,1.94446712,15
guard,They liked the security guard.,M1_b,1.315789474,1.376494403,1.368421053,1.862212731,2.315789474,1.973508764,1.157894737,1.537066394,2,1.763834207,19
guide,He had a friendly guide.,M2_b,1.875,1.857417562,2.0625,1.691892432,1.0625,1.181453907,1.5625,1.263262971,2.25,1.390443574,16
guide,He had a talkative guide.,M2_a,2.210526316,2.070398442,2.736842105,1.75885396,0.368421053,0.59726472,1.578947368,1.502434671,2.526315789,1.743827879,19
guide,He had a TV guide.,M1_b,0.866666667,1.807392228,1.066666667,1.907379154,0.466666667,0.833809388,2.6,1.956673562,3,1.889822365,15
guide,He had an assembly guide.,M1_a,2.1,1.744163199,1.55,1.731290969,1.3,1.592746717,2.2,1.823819012,3.2,1.735086832,20
hail,They hailed a cab.,M1_a,1.115384615,1.210848399,2.5,1.838477631,0.961538462,1.370569786,1.384615385,1.551178212,4,1.414213562,26
hail,They hailed a friend.,M2_a,1.6,1.638814903,2.733333333,1.667618776,1.466666667,1.552264091,2.533333333,1.767430203,4.133333333,1.407463101,15
hail,They hailed a guest.,M2_b,1.076923077,1.441153384,2.076923077,1.705947364,0.846153846,1.405118847,1.538461538,1.560736184,2.769230769,1.83275049,13
hail,They hailed a taxi.,M1_b,1.2,1.50787407,1.95,2.139232523,1.3,1.688973528,1.95,1.959457497,3.55,1.959457497,20
home,It was a childhood home.,M1_b,1.368421053,1.770452745,1.105263158,1.791794161,2.105263158,2.024701263,2.526315789,1.925513526,1.473684211,1.836918345,19
home,It was a funeral home.,M2_a,1.153846154,1.818706218,1.153846154,1.724632997,1.153846154,1.625123269,2.076923077,1.977436828,1.384615385,1.894661867,13
home,It was a nursing home.,M2_b,1.882352941,1.900077398,1.235294118,1.95350364,1.764705882,2.047236301,2.529411765,2.034626718,2.176470588,2.068673915,17
home,It was a summer home.,M1_a,1.608695652,2.126438132,1.260869565,1.93572611,2,1.858640755,2.260869565,2.26067953,1.695652174,2.054590926,23
intelligence,They had classified intelligence.,M2_a,0.363636364,1.09307145,0.409090909,0.666125321,0.318181818,0.779887882,4.045454545,1.617678311,0.636363636,1.465328,22
intelligence,They had innate intelligence.,M1_b,0.421052632,0.901590537,1.526315789,1.743827879,0.421052632,1.017392608,4.263157895,1.593113836,1.263157895,1.851188965,19
intelligence,They had military intelligence.,M2_b,0.529411765,0.874474632,1.352941176,1.411611511,0.529411765,0.799816155,4,1.369306394,1.411764706,1.460257834,17
intelligence,They had natural intelligence.,M1_a,0.166666667,0.577350269,1.833333333,1.850470866,0.166666667,0.577350269,4.5,0.904534034,0.416666667,1.164500153,12
issue,It was a political issue.,M1_b,0.65,1.268027893,2.15,1.725200217,0.95,1.35627198,2.9,1.682729612,0.85,1.424411236,20
issue,It was a sensitive issue.,M1_a,1.055555556,1.661757476,1.444444444,1.789584974,1.055555556,1.661757476,2.166666667,1.757337558,1.333333333,1.533929978,18
issue,It was a special issue.,M2_b,0.473684211,1.306752593,1.263157895,1.790161547,0.894736842,1.486783883,1.894736842,1.969058908,0.736842105,1.407997209,19
issue,It was a weekly issue.,M2_a,0.454545455,1.100963765,0.863636364,1.424127286,0.409090909,1.098010795,2.045454545,2.103902784,0.863636364,1.320009183,22
jam,It was a blackberry jam.,M1_a,0.789473684,1.031662486,4,1.374368542,0.578947368,1.169795304,1.210526316,1.548438187,1.421052632,1.57465303,19
jam,It was a paper jam.,M2_b,0.833333333,1.585922922,1.666666667,1.302677895,1.333333333,1.66969422,0.5,0.797724035,2.416666667,1.729862492,12
jam,It was a peach jam.,M1_b,0.777777778,1.437135859,3.666666667,1.878672873,0.444444444,1.041617646,1,1.782265577,1.777777778,1.555088632,18
jam,It was a traffic jam.,M2_a,2,1.732050808,2.117647059,2.027386031,0.529411765,0.874474632,1.294117647,1.611082939,2.294117647,1.759428383,17
key,It was a backspace key.,M2_b,0.461538462,0.877058019,0.384615385,0.650443636,0.230769231,0.43852901,0.692307692,1.182131929,3.307692308,1.652503928,13
key,It was a delete key.,M2_a,0.347826087,0.647280721,0.304347826,0.926124997,0.391304348,0.838783233,1.173913043,1.556574734,2.869565217,1.816699,23
key,It was a duplicate key.,M1_a,0.157894737,0.501459857,0.263157895,0.561951487,0.315789474,0.820069887,0.736842105,1.326738074,3.789473684,1.397575177,19
key,It was a master key.,M1_b,0.45,0.944513241,0.5,1,0.65,1.182103388,1.6,1.95744194,3.05,1.66938375,20
lamb,They liked the cute lamb.,M2_a,0.647058824,0.931475742,1.058823529,1.477776549,0.411764706,0.870260272,1.058823529,1.197423705,1.764705882,1.95350364,17
lamb,They liked the friendly lamb.,M2_b,0.432432432,0.834683591,0.945945946,1.544631311,0.405405405,0.984870535,0.810810811,1.287500547,1.486486486,1.676995025,37
lamb,They liked the grilled lamb.,M1_b,0.846153846,1.28102523,2.846153846,1.772293892,0.769230769,1.012739367,1.076923077,1.320450584,1.461538462,1.664100589,13
lamb,They liked the marinated lamb.,M1_a,0.466666667,0.915475416,2.466666667,2.133630932,0.533333333,1.060098827,0.866666667,1.302013093,1.333333333,1.397276262,15
lap,She lapped the competitors.,M2_b,3.769230769,1.640825308,1.538461538,1.898042176,1.538461538,1.71344607,0.846153846,1.463224399,1.846153846,1.993579438,13
lap,She lapped the milk.,M1_a,1.833333333,2.229481607,2.611111111,2.304442995,0.333333333,0.84016805,1.333333333,1.909727421,1.333333333,1.748949264,18
lap,She lapped the runners.,M2_a,4,1.558387445,1.066666667,1.579632266,2,1.8516402,0.6,1.121223821,1.8,1.82051798,15
lap,She lapped the water.,M1_b,2.866666667,1.807392228,2.333333333,1.914854216,1.866666667,1.884776101,1.4,1.45405836,2.133333333,1.884776101,15
load,She loaded the gun.,M1_a,0.6,1.095445115,0.8,1.641565363,1.15,1.225818738,1.15,1.598519051,4.4,0.753937035,20
load,She loaded the rifle.,M1_b,0.95,1.316894273,0.8,1.151657844,1.55,1.700619082,1.5,1.732050808,3.8,1.7651599,20
load,She loaded the truck.,M2_a,2.785714286,1.968153036,0.571428571,1.157868447,2.071428571,1.730463954,1.214285714,1.311403912,4,1.240347346,14
load,She loaded the van.,M2_b,2.555555556,1.722591147,0.555555556,1.199128224,2.222222222,1.864704851,0.888888889,1.278274981,3.166666667,1.617914416,18
lock,She had brown locks.,M1_b,0.166666667,0.707106781,0.333333333,1.028991511,0.444444444,0.855585264,3.055555556,1.984416412,1.055555556,1.433720878,18
lock,She had curly locks.,M1_a,0.470588235,0.943242218,0.470588235,0.943242218,0.588235294,1.121317502,3.176470588,1.878672873,1.529411765,1.806849712,17
lock,She had door locks.,M2_b,0.333333333,1.046536237,0.466666667,0.990430402,0.066666667,0.25819889,0.533333333,1.245945806,2.933333333,1.79151439,15
lock,She had window locks.,M2_a,0.5,1.10194633,0.636363636,1.176979773,0.5,1.10194633,1.454545455,1.818614667,1.954545455,1.70370109,22
lunch,They liked the afternoon lunch.,M2_a,0.5625,0.81394103,4.1875,1.327591805,1,1.211060142,1.125,1.258305739,2.875,1.62788206,16
lunch,They liked the hot lunch.,M1_a,0.608695652,1.269900871,4.47826087,0.845822097,2.043478261,1.637022265,1.695652174,1.690475528,2.260869565,1.863949651,23
lunch,They liked the sandwich lunch.,M1_b,0.173913043,0.49102619,4.304347826,1.258959982,1.304347826,1.607787373,1.47826087,1.620032694,1.956521739,1.637022265,23
lunch,They liked the women's lunch.,M2_b,0.466666667,1.125462868,4.266666667,1.032795559,1.266666667,1.533747356,1.133333333,1.125462868,1.533333333,1.457329587,15
market,He liked the fish market.,M1_b,1.9375,1.481834449,2.375,1.784189825,1.125,1.258305739,2.125,1.74642492,2.1875,1.682012683,16
market,He liked the flea market.,M1_a,2.444444444,2.228748586,1.555555556,1.789584974,1.166666667,1.504893977,2.055555556,2.013840996,2.222222222,1.926763686,18
market,He liked the housing market.,M2_a,1,1.558387445,1.066666667,1.667618776,0.4,1.055597326,1.6,1.4040757,1,1.414213562,15
market,He liked the stock market.,M2_b,0.5,0.940539943,1.071428571,1.685425567,0.571428571,1.157868447,1.928571429,2.092634913,1.142857143,1.955550006,14
match,It was a burning match.,M1_b,0.75,1.653279569,0.3125,1.01447852,0.5,1.154700538,0.625,1.310216267,2.125,1.668332501,16
match,It was a lit match.,M1_a,0.45,0.944513241,0.55,1.234376041,0.7,1.301820588,0.85,1.348488433,2.45,1.820208201,20
match,It was a soccer match.,M2_a,3.375,1.668332501,1,1.414213562,1.4375,1.787689384,1.5625,1.590335394,2.3125,1.956825661,16
match,It was a tennis match.,M2_b,2.9,1.997366687,1.55,1.820208201,2.4,2.036508881,2.35,1.755442664,4,1.076055174,20
medicine,It was cough medicine.,M1_a,1.125,1.586400538,4.625,0.619139187,1.75,1.693123347,2.6875,1.851800925,2,1.861898673,16
medicine,It was orthopedic medicine.,M2_a,1.571428571,2.101804562,4.071428571,1.639150142,1.571428571,1.869359648,2.214285714,2.044827299,1.785714286,1.847183779,14
medicine,It was prescription medicine.,M1_b,1.047619048,1.82964998,4.380952381,0.864649668,1.428571429,1.804755623,2.333333333,1.879716291,2.285714286,2.148088852,21
medicine,It was veterinary medicine.,M2_b,1.035714286,1.55115591,3.357142857,1.909319943,1.321428571,1.656716329,1.571428571,1.793580558,2.321428571,1.806440565,28
message,There was a clear message.,M2_b,1.230769231,1.535895296,3.461538462,2.025478734,1.076923077,1.382120259,2.692307692,1.84321347,2.307692308,1.887883091,13
message,There was a computer message.,M1_b,0.65,1.348488433,1.8,2.067289097,0.5,0.888523317,2.4,2.036508881,2.2,1.823819012,20
message,There was a phone message.,M1_a,0.315789474,0.671038298,2.157894737,1.979426345,0.263157895,0.653376296,2.368421053,1.862212731,2.052631579,1.544656891,19
message,There was an urgent message.,M2_a,0.761904762,1.513431925,2.619047619,2.036570413,0.428571429,0.870139562,1.952380952,1.82964998,1.857142857,1.796822592,21
mold,It was a clay mold.,M2_b,0.3125,0.602079729,0.625,1.408308678,0.4375,0.727438428,0.625,1.360147051,2.1875,1.905037182,16
mold,It was a fungal mold.,M1_a,0.466666667,1.35576371,1,1.603567451,0.2,0.774596669,0.6,1.183215957,0.733333333,1.162919151,15
mold,It was a harmful mold.,M1_b,0.761904762,1.546116487,1.904761905,1.921061215,0.857142857,1.424279266,1.571428571,1.690308509,1.333333333,1.770122406,21
mold,It was a rubber mold.,M2_a,0.409090909,0.734139659,0.681818182,1.129111055,0.227272727,0.528413455,1.090909091,1.797063502,1.681818182,1.728923795,22
mole,She saw the cancerous mole.,M1_a,1.6875,1.740450133,1.0625,1.569235483,1.3125,1.701714821,2.5625,2.032035105,2.0625,1.691892432,16
mole,She saw the cute mole.,M2_a,0.615384615,1.120897077,1.230769231,1.87766904,0.538461538,0.877058019,2.384615385,1.850155919,1.384615385,1.660244035,13
mole,She saw the fast mole.,M2_b,0.952380952,1.244033379,0.523809524,1.030487633,0.761904762,1.135991281,2,1.923538406,0.80952381,1.209092537,21
mole,She saw the raised mole.,M1_b,0.947368421,1.025978352,0.263157895,0.452413928,1.157894737,1.42451387,2.210526316,1.960128889,1.052631579,1.129094239,19
movement,He liked the civil-rights movement.,M2_b,3.466666667,1.807392228,1.533333333,1.807392228,1.8,1.897366596,1.866666667,1.959105724,2.4,1.638814903,15
movement,He liked the feminist movement.,M2_a,2.928571429,2.017778127,3.142857143,1.994497926,2.214285714,2.190137735,2.714285714,2.233609408,3,1.881079886,14
movement,He liked the graceful movement.,M1_b,4.03030303,1.489229005,2.181818182,2.297478855,3.727272727,1.858640755,2.848484848,2.048188409,3.727272727,1.87537875,33
movement,He liked the rhythmic movement.,M1_a,4.384615385,0.869718493,2.307692308,2.323238235,3.461538462,1.506396618,3.230769231,1.87766904,4.230769231,1.012739367,13
newspaper,It was a daily newspaper.,M1_b,0.611111111,1.289728147,1.333333333,1.680336101,0.444444444,1.247219129,2.888888889,1.778594584,3.333333333,1.814970426,18
newspaper,It was a faded newspaper.,M2_a,0.466666667,0.833809388,1.333333333,1.588650221,0.533333333,0.915475416,2.8,1.85933936,3.066666667,1.907379154,15
newspaper,It was a national newspaper.,M1_a,0.333333333,0.723746864,1.266666667,1.709915063,0.266666667,0.59361684,2.333333333,1.759328876,2.933333333,1.79151439,15
newspaper,It was a shredded newspaper.,M2_b,0.3125,0.793200269,0.4375,0.81394103,0.1875,0.543905629,1.4375,1.67207456,2,1.712697677,16
orange,It was a bright orange.,M2_a,0.428571429,0.646206173,2.285714286,2.198900824,0.285714286,0.468807231,2.071428571,2.200149845,1.285714286,1.683794772,14
orange,It was a juicy orange.,M1_a,0.375,1.024695077,4.0625,1.340087062,0.375,0.885061203,1.3125,1.579820665,2.3125,1.778341924,16
orange,It was a reddish orange.,M2_b,0.194444444,0.576662538,2.055555556,1.970416119,0.277777778,0.614636297,1.472222222,1.748241747,0.972222222,1.482972134,36
orange,It was a ripe orange.,M1_b,0.5,1.344504484,3.857142857,1.231455852,0.642857143,1.150728389,1.428571429,1.741541568,1.642857143,1.499083969,14
page,He saw the blank page.,M2_a,0.461538462,0.660225292,1,1.354006401,0.307692308,0.480384461,1.538461538,1.71344607,2.076923077,1.60527975,13
page,He saw the loyal page.,M1_b,0.722222222,1.274434387,0.5,0.985184366,0.833333333,1.150447483,1.444444444,1.503807803,1.111111111,1.278274981,18
page,He saw the ripped page.,M2_b,0.066666667,0.25819889,0.2,0.560611911,0.066666667,0.25819889,1.133333333,1.597617273,2.6,1.882247896,15
page,He saw the young page.,M1_a,0,0,0.322580645,0.791079295,0.35483871,0.877435167,1.838709677,1.827507851,1.64516129,1.799043952,31
palm,It was a calloused palm.,M1_a,0.411764706,0.92499458,0.676470588,1.319333813,0.441176471,0.990597508,0.970588235,1.585641905,4.470588235,1.051270346,34
palm,It was a tree palm.,M2_b,0.333333333,0.887625365,0.666666667,1.23091491,0.25,0.866025404,0.583333333,0.792961461,3.5,1.930614598,12
palm,It was a tropical palm.,M2_a,0.941176471,1.599632311,0.352941176,0.70188821,0.411764706,0.870260272,0.882352941,1.166316474,2.823529412,2.038237416,17
palm,It was a wrinkled palm.,M1_b,0.307692308,1.109400392,0.153846154,0.375533808,0,0,0.230769231,0.832050294,4.307692308,1.548365557,13
panel,It was a consumer panel.,M2_b,0.529411765,1.178857872,1,1.620185175,0.470588235,0.874474632,1,1.457737974,0.470588235,0.717430054,17
panel,It was a control panel.,M1_a,1.071428571,1.591529778,0.857142857,1.833749537,1.214285714,1.761929512,1.285714286,1.938618518,2.642857143,1.736802671,14
panel,It was an advisory panel.,M2_a,0.277777778,0.57451315,1.666666667,2.029198625,0.555555556,1.096637761,1.611111111,1.819466272,0.944444444,1.161754364,18
panel,It was an instrument panel.,M1_b,0.9375,1.388944443,0.9375,1.388944443,0.75,1.290994449,1.3125,1.778341924,1.4375,1.67207456,16
passage,It was a biblical passage.,M2_b,1.928571429,1.979288361,1.928571429,1.940035119,1.428571429,1.696797242,2.714285714,1.683794772,1.642857143,1.691933025,14
passage,It was a literary passage.,M2_a,0.666666667,1.2344268,1.333333333,1.632993162,0.666666667,1.112697281,2.2,2.007130147,1.533333333,1.884776101,15
passage,It was a narrow passage.,M1_b,2.393939394,1.730956996,0.939393939,1.434821285,1.696969697,1.468095034,1.03030303,1.31064985,1.454545455,1.393980566,33
passage,It was a secret passage.,M1_a,2.333333333,1.775250729,0.833333333,1.029857301,1.25,1.544785952,1.666666667,1.825741858,1.666666667,1.556997888,12
pen,She penned her animals.,M1_a,1.181818182,1.468279318,0.681818182,1.35879371,0.590909091,1.007547277,0.818181818,1.258735709,2.681818182,1.523978616,22
pen,She penned her livestock.,M1_b,1.375,1.784189825,0.4375,1.093541647,0.5,0.894427191,0.375,0.885061203,2.3125,1.701714821,16
pen,She penned her memoirs.,M2_a,0.322580645,0.832149697,0.774193548,1.476700769,0.451612903,0.850047437,1.870967742,1.910356607,3.516129032,1.74873226,31
pen,She penned her thoughts.,M2_b,0.277777778,0.751903902,0.666666667,1.028991511,0.444444444,0.855585264,2.333333333,2.057983022,2.333333333,2.169304578,18
perch,It was a freshwater perch.,M1_b,1.176470588,1.50977209,0.529411765,1.280510009,0.470588235,0.874474632,0.470588235,1.23073388,1.117647059,1.576481563,17
perch,It was a lofty perch.,M2_a,2.444444444,1.885618083,0.111111111,0.471404521,0.777777778,1.060274967,0.611111111,0.916443823,1.388888889,1.460817212,18
perch,It was a secure perch.,M2_b,1.75,1.778001778,0.40625,0.910844167,0.9375,1.293594642,0.8125,1.255632471,1.03125,1.355618535,32
perch,It was a tasty perch.,M1_a,0.555555556,1.041617646,2.277777778,2.16402554,0.5,0.857492926,1,1.495090003,0.833333333,0.985184366,18
pick,He picked his coffee.,M1_a,0.533333333,0.990430402,1.133333333,1.505545305,0.6,0.985610761,1.666666667,1.914854216,3.2,1.698739028,15
pick,He picked his dinner.,M1_b,0.5,1.154700538,1.9375,2.048373338,0.25,0.774596669,2.375,2.028957039,3.6875,1.778341924,16
pick,He picked his nose.,M2_b,0.4375,0.981687159,1.4375,1.58495955,0.4375,1.014014697,2.71875,1.764056451,4,1.107161439,32
pick,He picked his scab.,M2_a,1.588235294,1.839117435,0.529411765,1.328422328,0.588235294,1.416810835,0.647058824,1.221739358,4.352941176,0.996316746,17
pitcher,He saw the fast pitcher.,M1_a,2.133333333,1.597617273,0.866666667,1.245945806,1.6,1.638814903,1.866666667,1.597617273,4.4,1.055597326,15
pitcher,He saw the glass pitcher.,M2_a,0.866666667,0.990430402,2.2,1.473576795,1.2,1.473576795,1.066666667,1.486446706,3.733333333,1.099783528,15
pitcher,He saw the plastic pitcher.,M2_b,0.8,1.424279266,1.133333333,1.597617273,1.133333333,1.846489591,0.8,1.207121724,3.066666667,2.051712409,15
pitcher,He saw the right-handed pitcher.,M1_b,1.228571429,1.554608222,0.685714286,1.323351996,1.571428571,1.786974345,1.6,1.752309401,3.971428571,1.543215022,35
poach,She poached the bear.,M1_b,1.5625,1.631716887,1.1875,1.515200757,1.75,1.483239697,1.75,1.693123347,2.8125,1.973786547,16
poach,She poached the deer.,M1_a,1.421052632,2.008752777,1.210526316,1.812884361,1.736842105,1.851188965,1.473684211,1.611363158,3,1.943650632,19
poach,She poached the eggs.,M2_a,0.166666667,0.514495755,1.277777778,1.637988564,0.333333333,0.9701425,0.388888889,1.036900863,2.777777778,1.864704851,18
poach,She poached the vegetables.,M2_b,0.5625,1.412739655,1.125,1.258305739,0.4375,0.81394103,0.75,1.183215957,2.5625,1.860779407,16
port,It was a delicious port.,M2_a,0.153846154,0.375533808,2.384615385,2.256046008,0.307692308,0.854850414,1.230769231,1.83275049,0.846153846,1.28102523,13
port,It was a seaside port.,M1_b,1.176470588,1.286239389,0.235294118,0.562295715,0.529411765,1.178857872,0.588235294,1.175735064,0.705882353,1.263165957,17
port,It was a sweet port.,M2_b,1.125,1.310216267,1.25,1.527525232,0.9375,1.236594787,1.5,1.460593487,0.8125,0.981070844,16
port,It was a windy port.,M1_a,0.928571429,1.328057327,1.071428571,1.491735474,0.785714286,1.251372872,1.785714286,1.625686668,1.5,1.454436185,14
position,He was in a distinguished position.,M1_a,2.071428571,1.439245834,0.785714286,1.625686668,2.428571429,2.138089935,2.785714286,1.625686668,2.071428571,1.979288361,14
position,He was in a fetal position.,M2_a,3.384615385,1.980675875,1.538461538,2.025478734,3.230769231,1.535895296,2.615384615,2.063106943,3.384615385,1.804552647,13
position,He was in a prominent position.,M1_b,1.916666667,1.767254482,1.083333333,1.558055272,1.958333333,1.706233244,1.833333333,1.785610763,1.916666667,1.839580923,24
position,He was in a yoga position.,M2_b,4,1.356465997,0.769230769,1.305609201,3.346153846,1.695695909,2.346153846,1.809802369,3.692307692,1.51708222,26
post,It was a challenging post.,M2_b,0.882352941,1.615640467,0.235294118,0.437237316,1.117647059,1.536324874,0.764705882,1.347655917,0.823529412,1.286239389,17
post,It was a fence post.,M1_b,1.3125,1.778341924,0.5,1.095445115,1.1875,1.682012683,0.625,0.957427108,1.8125,1.833712082,16
post,It was a teaching post.,M2_a,1.09375,1.444888097,0.8125,1.533233985,0.8125,1.401324258,1.46875,1.795772365,1.4375,1.479701365,32
post,It was a wooden post.,M1_a,1.470588235,1.841115391,0.352941176,0.996316746,0.705882353,1.358524286,0.941176471,1.675954513,1.764705882,1.821037196,17
punch,He had the alcoholic punch.,M1_a,0.35,0.670820393,3.3,1.838191331,1.4,1.602629418,2.1,1.860956178,2.5,1.791794161,20
punch,He had the fruit punch.,M1_b,0.411764706,0.870260272,3.352941176,1.693412844,1.235294118,1.714985851,1.411764706,1.622452755,3.529411765,2.065116433,17
punch,He had the quickest punch.,M2_b,1.263157895,1.326738074,1.842105263,1.42451387,2.473684211,1.678902454,2.105263158,1.523692038,4.631578947,0.59726472,19
punch,He had the strongest punch.,M2_a,1.277777778,1.363626461,1.277777778,1.447332457,1.888888889,1.450715397,1.055555556,1.211329956,4.333333333,1.084652289,18
pupil,She had a brilliant pupil.,M1_a,0.129032258,0.427546137,0.387096774,0.954896831,0.225806452,0.616964473,3.129032258,2.093512765,0.225806452,0.668813747,31
pupil,She had a cloudy pupil.,M2_b,0.133333333,0.351865775,0.466666667,1.060098827,0.133333333,0.351865775,3.733333333,1.437590577,0.266666667,0.59361684,15
pupil,She had a dilated pupil.,M2_a,0,0,0.307692308,1.109400392,0.307692308,1.109400392,3.615384615,1.850155919,0.230769231,0.59914469,13
pupil,She had an interested pupil.,M1_b,0.153846154,0.554700196,0.615384615,1.192927878,0.846153846,1.344504484,3.153846154,1.951330907,0.461538462,0.776250026,13
push,He pushed the bed.,M2_a,2.357142857,1.78054196,0.142857143,0.36313652,1.571428571,1.741541568,0.928571429,1.639150142,3.571428571,1.452546078,14
push,He pushed the cocaine.,M1_a,2.65,1.78517285,0.55,0.887041208,2,1.777046633,1.25,1.409553867,4.4,0.88257995,20
push,He pushed the desk.,M2_b,2.55,1.877147893,0.45,0.825577947,2.45,1.700619082,0.9,1.372665482,4.5,0.888523317,20
push,He pushed the drugs.,M1_b,1.5,1.738910442,0.772727273,1.192509087,1.409090909,1.652100853,0.863636364,1.2069424,3.954545455,1.214094714,22
racket,That was a badminton racket.,M2_a,1.909090909,1.973855085,0.727272727,1.31590339,1.909090909,1.770366949,1.227272727,1.192509087,3.909090909,1.570838142,22
racket,That was a loud racket.,M1_a,0.384615385,1.386750491,0.692307692,1.548365557,0.384615385,0.650443636,1.384615385,1.502135232,1.923076923,1.934835844,13
racket,That was a tennis racket.,M2_b,2.235294118,2.077540967,1.411764706,1.905873275,1.352941176,1.656093916,1.470588235,1.73629084,3.470588235,1.662740474,17
racket,That was an annoying racket.,M1_b,0.666666667,1.2344268,0.533333333,1.302013093,0.866666667,1.407463101,1,1.463850109,2.666666667,1.914854216,15
rock,He liked alternative rock.,M1_b,0.875,1.360147051,1.0625,1.691892432,1.1875,1.721191448,1.8125,2.072639219,1.3125,1.400892573,16
rock,He liked electronic rock.,M1_a,2.117647059,1.96476312,1.470588235,1.806849712,1.705882353,1.72353945,1.529411765,1.806849712,2.176470588,2.038237416,17
rock,He liked granite rock.,M2_b,1.157894737,1.537066394,0.421052632,1.017392608,0.842105263,1.537066394,1.315789474,1.454977342,1.684210526,1.600438536,19
rock,He liked limestone rock.,M2_a,1.9,1.900090742,0.233333333,0.626062316,0.8,1.447947418,0.8,1.494818637,2.433333333,1.813423764,30
run,She ran the company.,M2_b,3.142857143,2.107026445,1.428571429,1.827747067,1.571428571,1.650840612,2.071428571,2.055547306,2.214285714,2.006856379,14
run,She ran the marathon.,M1_a,4.733333333,0.798808637,1.866666667,1.684664726,2.933333333,1.624221425,1.333333333,1.290994449,2.6,1.638814903,15
run,She ran the race.,M1_b,4.454545455,1.184313051,1.454545455,1.59544807,2.090909091,1.600865567,1.136363636,1.2834275,2.181818182,1.680032983,22
run,She ran the shop.,M2_a,4.125,1.310216267,1.8125,1.641899307,2.125,1.927865832,1.875,1.784189825,2.9375,1.569235483,16
sage,He saw the bushy sage.,M2_b,0.352941176,0.785905248,1,1.5,0.705882353,1.311711948,1.647058824,1.693412844,1.235294118,1.480262298,17
sage,He saw the fragrant sage.,M2_a,0.5,1.277332747,1.8,1.823819012,0.35,0.812727701,2.1,1.889026483,1.1,1.618966532,20
sage,He saw the renowned sage.,M1_b,0.133333333,0.516397779,1,1.463850109,0.733333333,1.437590577,2.4,1.882247896,0.8,1.264911064,15
sage,He saw the wise sage.,M1_a,0.611111111,1.092158623,1.722222222,1.872574684,0.833333333,1.504893977,2.5,2.093407018,1.166666667,1.465284554,18
scale,It was a fish scale.,M1_a,1.608695652,1.698639307,1.130434783,1.358620551,1.217391304,1.650248514,1.086956522,1.534839153,1.826086957,1.669299633,23
scale,It was a lizard scale.,M1_b,0.625,1.024695077,0.25,0.577350269,1.25,1.693123347,1.1875,1.682012683,2.0625,1.948289848,16
scale,It was a major scale.,M2_b,1.555555556,1.722591147,0.833333333,1.42457424,2,1.970368732,1.444444444,1.54242827,1.611111111,1.576999716,18
scale,It was a music scale.,M2_a,1.294117647,1.928882639,1.058823529,1.519481336,1.117647059,1.691240408,1.764705882,1.714985851,1.058823529,1.638237934,17
scene,It was a nature scene.,M2_a,1.3125,1.493039406,1,1.460593487,0.3125,0.602079729,3.0625,1.806239187,1.1875,1.424488212,16
scene,It was a panoramic scene.,M2_b,0.882352941,1.218726433,1.529411765,1.699913493,1,1.457737974,3.352941176,1.578811914,1.470588235,1.771921523,17
scene,It was a touching scene.,M1_a,0.80952381,1.569045813,0.666666667,1.425949976,1,1.549193338,2.80952381,2.159144451,1.047619048,1.716863142,21
scene,It was a well-acted scene.,M1_b,1.85,2.230765741,2.3,2.154554539,1.8,1.962812161,2.1,2.074912807,1.95,2.211810404,20
seal,It was a certified seal.,M1_b,0.461538462,1.126601424,0.923076923,1.497861724,0.153846154,0.375533808,1,1.471960144,1.692307692,1.652503928,13
seal,It was a circus seal.,M2_a,0.421052632,1.017392608,1,1.290994449,1.157894737,1.7082531,1.736842105,1.75885396,1.052631579,1.432700799,19
seal,It was a gold seal.,M1_a,0.894736842,1.242521488,1.052631579,1.432700799,0.736842105,1.407997209,1.526315789,1.504379571,1.789473684,1.652571981,19
seal,It was a trained seal.,M2_b,1.125,1.586400538,1.5625,1.547847968,0.75,1.183215957,1.375,1.543804824,2.125,1.543804824,16
serve,She served a lasagna.,M1_b,1.176470588,1.740520544,1.529411765,1.806849712,1.117647059,1.653872461,0.764705882,1.437420075,3.470588235,1.504893977,17
serve,She served a pie.,M1_a,0.888888889,1.409584373,1.222222222,1.592465922,1.166666667,1.42457424,1.444444444,1.822158456,3.722222222,1.708303443,18
serve,She served a summons.,M2_a,1.333333333,1.45521375,1.833333333,1.72353945,1,1.414213562,1.111111111,1.450715397,3.277777778,1.40610248,18
serve,She served a warrant.,M2_b,1.384615385,1.850155919,1.153846154,1.405118847,0.769230769,1.23516842,1,1.471960144,3.307692308,1.182131929,13
sing,The bird sang.,M2_a,0.705882353,1.159994929,4.058823529,1.712840778,1.294117647,1.263165957,2.352941176,1.729926894,0.941176471,1.434860108,17
sing,The choir sang.,M1_b,0.5,0.857492926,4.666666667,0.594088526,1.5,1.248528546,1.611111111,1.719743103,1.5,1.382665797,18
sing,The cricket sang.,M2_b,0.294117647,0.985184366,3.941176471,1.560071642,1.117647059,1.653872461,1.941176471,1.519481336,0.352941176,0.606339063,17
sing,The girl sang.,M1_a,0.142857143,0.534522484,4.142857143,1.511857892,0.642857143,1.277445941,2.857142857,2.032699715,0.928571429,1.542439911,14
spill,He spilled the drink.,M1_a,1.1875,1.424488212,1.8125,1.470544117,1.5625,1.459166429,1.625,1.784189825,3.625,1.62788206,16
spill,He spilled the flour.,M1_b,1.315789474,1.453890645,1.263157895,1.501066477,0.736842105,1.178276582,1.078947368,1.459018162,3.657894737,1.419484409,38
spill,He spilled the news.,M2_a,0.666666667,1.328422328,2.611111111,2.118237027,0.277777778,0.669113158,0.944444444,1.392087819,2.555555556,1.976991839,18
spill,He spilled the secret.,M2_b,0.470588235,0.799816155,3.529411765,2.034626718,0.647058824,1.05718828,1,1.274754878,1.941176471,1.919328927,17
stake,He staked his claim.,M2_b,1.0625,1.436140662,1.125,1.5,0.75,1.183215957,0.375,0.806225775,1.875,1.586400538,16
stake,He staked his horse.,M1_a,1.28125,1.507708687,0.375,0.751342884,1.1875,1.354502646,0.625,1.008032258,2.9375,1.702701838,32
stake,He staked his name.,M2_a,2,1.839732422,1.785714286,2.118728626,1.357142857,1.823232246,1.642857143,1.823232246,2.214285714,2.082105866,14
stake,He staked his tent.,M1_b,1.789473684,1.960128889,0.315789474,0.749268649,1.421052632,1.464991068,1.157894737,1.302269724,3.421052632,1.804801912,19
stall,They stalled the bus.,M1_b,1.6875,2.023816527,1.5625,1.931105038,1.5625,1.824600413,1.5625,1.75,1.9375,1.982212568,16
stall,They stalled the horse.,M2_a,1.888888889,1.676441922,1.833333333,2.121320344,1.333333333,1.45521375,1.166666667,1.72353945,2.555555556,2.006525303,18
stall,They stalled the pig.,M2_b,2.214285714,1.928673176,1.285714286,1.540657773,1.214285714,1.42389344,0.357142857,0.633323694,2.642857143,1.691933025,14
stall,They stalled the truck.,M1_a,2.117647059,1.833110503,1.705882353,1.961017143,1.117647059,1.409004655,1.117647059,1.268973647,2.294117647,1.611082939,17
stay,They stayed cold.,M1_b,1.75,1.750776225,1.166666667,1.761093205,1.458333333,1.744037461,1.375,1.813296302,2.125,1.895360468,24
stay,They stayed nearby.,M2_a,2.692307692,1.974192467,0.615384615,0.960768923,1.307692308,1.84321347,1.769230769,1.921537846,1.230769231,1.83275049,13
stay,They stayed overnight.,M2_b,2.347826087,1.991086858,1.130434783,1.713697433,2.086956522,1.951993002,1.565217391,2.018687399,1.869565217,1.914166038,23
stay,They stayed wet.,M1_a,1.0625,1.340087062,0.3125,0.704154339,0.625,0.885061203,0.875,1.258305739,0.75,1.064581295,16
tap,He tapped the beer.,M1_b,1.047619048,1.716863142,0.952380952,1.499206139,0.523809524,1.030487633,0.666666667,1.064581295,3.761904762,1.609495632,21
tap,He tapped the drums.,M2_b,1.684210526,1.827342684,0.526315789,0.772328446,0.736842105,0.991189256,1,1.414213562,4.210526316,1.031662486,19
tap,He tapped the keg.,M1_a,2.615384615,2.18091959,0.153846154,0.554700196,0.538461538,0.967417922,1.076923077,1.754116039,4.538461538,1.391365314,13
tap,He tapped the stick.,M2_a,2.9,1.916685736,0.3,0.656946685,0.5,0.76088591,0.9,1.333771858,3.8,1.735086832,20
tape,He used the double-sided tape.,M1_b,0.3125,0.704154339,0.25,0.774596669,0.125,0.341565026,0.9375,1.436140662,2.5,2,16
tape,He used the interview tape.,M2_a,0.25,0.621581561,0.583333333,1.240112409,0.416666667,0.792961461,1.083333333,1.676486224,1.5,1.977142106,12
tape,He used the scotch tape.,M1_a,0.692307692,1.702185624,0.538461538,0.967417922,0.923076923,1.705947364,0.846153846,1.675616993,3.076923077,1.934835844,13
tape,He used the video tape.,M2_b,0.433333333,0.817200154,0.766666667,1.040004421,0.566666667,1.040004421,1.1,1.446756181,2.7,1.784028761,30
term,It was a fall term.,M1_b,0.818181818,1.592732412,0.681818182,1.35879371,0.454545455,1.05682691,1.136363636,1.390287896,0.454545455,0.911684612,22
term,It was a legal term.,M2_a,0.1875,0.403112887,0.8125,1.276388133,0.3125,0.602079729,1.625,2.061552813,0.9375,1.236594787,16
term,It was a technical term.,M2_b,0.1875,0.543905629,1.25,1.653279569,0.0625,0.25,1.4375,1.998958062,0.375,0.885061203,16
term,It was a winter term.,M1_a,0.727272727,1.485864128,0.5,1.10194633,0.909090909,1.376990885,1.318181818,1.835791347,0.545454545,1.299350487,22
tick,It was a clock tick.,M1_a,1.6875,2.05649378,1.75,2.380476143,0.6875,1.701714821,2.4375,1.860779407,1.5625,1.896268265,16
tick,It was a diseased tick.,M2_b,1.666666667,1.45521375,0.666666667,0.9701425,1.111111111,1.182663439,1.111111111,1.367216532,1.611111111,1.576999716,18
tick,It was a parasitic tick.,M2_a,2.466666667,1.775956922,0.9,1.348050956,1.833333333,1.7436255,1.7,1.744943434,2.6,1.693802089,30
tick,It was an audible tick.,M1_b,1.733333333,1.94446712,1.666666667,1.799470822,1.2,1.698739028,2.066666667,2.086236073,2,2.104417123,15
tip,It was a finger tip.,M2_b,1.2,2.007130147,1,1.690308509,0.333333333,1.046536237,1.733333333,2.120197655,3.4,1.956673562,15
tip,It was a generous tip.,M1_a,0.7,1.235955585,1.3,1.725068714,0.333333333,0.802295557,1.5,1.717054414,1.8,1.769472939,30
tip,It was a pencil tip.,M2_a,1.5,2.065591118,1.3125,1.887458609,0.6875,1.537042615,1.4375,1.860779407,2.8125,2.136000936,16
tip,It was a stingy tip.,M1_b,0.857142857,1.460091823,2.357142857,2.023216892,0.428571429,0.646206173,1.357142857,1.277445941,2.285714286,1.540657773,14
title,She liked the academic title.,M2_a,0.466666667,0.833809388,1.133333333,1.35576371,0.466666667,0.990430402,2,1.558387445,0.466666667,0.833809388,15
title,She liked the essay title.,M1_a,0.384615385,0.869718493,1.153846154,1.573009528,0.538461538,1.126601424,2.076923077,1.441153384,0.769230769,1.012739367,13
title,She liked the poem title.,M1_b,0.111111111,0.471404521,1.611111111,2.145827384,0.222222222,0.942809042,2.444444444,2.306569192,0.5,1.043185168,18
title,She liked the professional title.,M2_b,0.5,1.150447483,1.888888889,1.640978506,0.5,0.923548145,2.166666667,1.72353945,0.611111111,1.195033295,18
toast,They toasted the bread.,M1_a,0.538461538,1.391365314,3.230769231,1.87766904,0.615384615,1.32529629,1.538461538,1.761409692,2.692307692,1.887883091,13
toast,They toasted the bride.,M2_b,0.3,1.128576187,2.95,1.66938375,0.75,1.371706582,1.45,1.761428846,3.15,1.87153188,20
toast,They toasted the host.,M2_a,0.35,0.670820393,2.9,1.744163199,0.45,0.759154655,1.35,1.496487115,2.9,1.803505359,20
toast,They toasted the strudel.,M1_b,0.4375,0.963932916,2.5,1.712697677,0.75,1.437590577,1.375,1.784189825,3.0625,1.611159003,16
toll,It was a bell toll.,M2_b,0.352941176,0.70188821,0.294117647,0.771743633,0.470588235,0.943242218,1.529411765,1.806849712,1.352941176,1.578811914,17
toll,It was a costly toll.,M1_a,0.666666667,1.496026483,0.066666667,0.25819889,0.4,0.632455532,1.266666667,1.869555588,1.933333333,1.387014608,15
toll,It was a loud toll.,M2_a,0.857142857,1.027105182,1,1.176696811,0.714285714,1.266647388,2.071428571,1.685425567,0.714285714,0.913873533,14
toll,It was a road toll.,M1_b,1.238095238,1.546116487,0.952380952,1.564486832,0.571428571,0.870139562,1.238095238,1.757975026,1.333333333,1.712697677,21
track,She saw the moose tracks.,M2_a,3.285714286,1.589802669,0.285714286,0.825420306,0.285714286,0.468807231,1.5,1.829249531,1.357142857,1.645840578,14
track,She saw the snowshoe tracks.,M2_b,3.9,1.410487038,0.5,1.277332747,0.5,0.888523317,0.7,1.174285897,0.55,0.825577947,20
track,She saw the train tracks.,M1_a,2.76,2.126812952,0.52,1.004987562,1.12,1.480990659,1.48,1.417744688,0.88,1.12989675,25
track,She saw the trolley tracks.,M1_b,2.047619048,2.01186954,0.19047619,0.511766316,0.476190476,1.123345344,1.761904762,1.921061215,0.666666667,1.197219,21
yard,It was five yards.,M1_a,3.1,1.586124041,0.2,0.410391341,1.3,1.657518754,0.9,1.209610638,1.8,1.823819012,20
yard,It was ten yards.,M1_b,3.4,1.788854382,0.55,1.316894273,0.75,1.251315098,1.2,1.704483252,1.75,1.743408639,20
yard,They were big yards.,M2_a,2.473684211,1.836918345,0.631578947,1.382852379,1.157894737,1.462993806,1.157894737,1.384965218,1.421052632,1.742150315,19
yard,They were cluttered yards.,M2_b,1.705882353,1.961017143,0.705882353,1.447614671,0.823529412,1.50977209,1.176470588,1.704233483,1.058823529,1.599632311,17